id,category,username,pageranks
114325988648006,Community,EXATECcampusGdl,0.001067
1500340693610646,Magazine,tecreview,0.000718
573553349394917,Athlete,yanicgentrysailing,0.000316
226781334126969,Community,congresointernacionalRED,0.000206
568590889850321,Consulting/Business Service,BrandBoardMX,0.000400
245175782223386,Non-Profit Organization,campeonescausa,0.000556
131132106964054,Musician/Band,calonchomusic,0.005647
173986092799750,Organization,exatecjalisco,0.000254
253055251379467,Non-Governmental Organization (NGO),EnsenaporMexico,0.002269
110639758966172,Education,EGADEBusinessSchool,0.002609
704624939548833,Non-Governmental Organization (NGO),foodtruckguadalajara,0.001882
1444320322459405,Public Figure,DrMarioAdrianFlores,0.000313
394319110634273,Library,biblioitesmgda,0.000400
669735763071693,Non-Profit Organization,EXATECLRI,0.000471
261518774014039,University,centrosdevidaycarrera,0.000548
108715625908928,Consulting/Business Service,Antropomedia,0.000515
534911713219660,Non-Profit Organization,yoxmexico,0.000400
724208937595795,Non-Profit Organization,exatecenelarte,0.001008
30965947094,Magazine,,0.000860
508236892519762,Community,InfalAc,0.000206
266099483438656,Community,,0.000206
115487951844022,Cause,unitednoses,0.001225
101473799954779,Community Organization,ViveResponsable,0.000330
457934517637126,Community,exatec,0.002565
309133815849921,University,MedicinaTecCampusGdl,0.000935
140366126034883,Community,exatectolucaorg,0.000384
195914850440307,Non-Profit Organization,ExaTecSonorense,0.000391
417471971662642,Education,exatec.tampico,0.000365
135097016593779,Non-Profit Organization,exatec.australia,0.000283
357490153360,Company,SarapeSocial,0.001045
1416083275315388,School,DisenoIndustrialTECGuadalajara,0.000302
260819157288541,Education,creaciontecgdl,0.000439
202896973076667,Building Materials,StanzaInteriorismo,0.000681
213280342132504,Community,CapacitacionPadresTecGuadalajara,0.000293
31429739961,Consulting/Business Service,innox.global,0.000783
169122809765429,Restaurant/Cafe,simplementedeli,0.000295
103811949649601,Local Business,LarvaGameStudios,0.000676
253590865334,University,EventosDAE,0.000720
105496182898573,Public Figure,BorisTEC,0.000301
283048951715725,Public Figure,SalvadorAlvaGomez,0.004642
127128043964568,University,PosgradosyEducacionEjecutiva,0.002424
114772528561501,Computers/Technology,hpcareers,0.001368
111205048906987,Retail and Consumer Merchandise,tecstoregda,0.000449
271546362860675,University,,0.000407
170742009650753,Non-Profit Organization,alumnitec,0.000678
104164719620229,Interest,,0.000595
112836955449317,Public Figure,davidnoelramirez,0.004104
136659463030729,University,TecnologicodeMonterreyNews,0.002344
34767149008,University,TecdeMonterrey,0.008681
61213649618,University,TecCampusGDL,0.003359
205071226189551,Local Business,cvcgdl,0.000326
1429952797252917,TV Show,Noticias.MexicoalDia,0.000644
1465512176995973,Media/News/Publishing,CapitalJalisco,0.000255
135183929847547,Non-Profit Organization,ComiteOlimpicoMexicano,0.000255
574745985895131,Community,femvela,0.000255
172266902787580,Company,,0.000276
289608857884529,Company,,0.000276
773717279441497,Consulting/Business Service,EstrategiaMetro,0.000199
194053120879,Media/News/Publishing,AdAge,0.000242
194862800684977,Organization,coparmexuniversitarios,0.000485
524043270967929,Computers/Technology,espiralapp,0.000199
292274267545880,News/Media Website,visualistan,0.000199
454086580633,Food/Beverages,QuesosNavarro,0.000219
1448709038781783,Organization,accionjovenes,0.000199
385083571624588,Grocery Store,applesngifts,0.000199
1443865299173419,Tours & Sightseeing,SoldOutQro,0.000199
274172822601369,Software,TequilaSoft,0.000254
335948846586345,Organization,acamc.org,0.000199
448244921873560,Food/Beverages,TGtourgourmet,0.000287
108375772514413,University,DisenoGraficoDC,0.001620
169375013113866,News/Media Website,roastbrief,0.000386
104648762953854,Local Business,proartedigital,0.000241
538390112856311,Consulting/Business Service,IMMPC,0.001670
282462831863378,Non-Profit Organization,MexicoComoVamos,0.000577
667545513271784,Community,PosibleMex,0.000441
325633824155316,Organization,CoparmexJoven,0.001634
498874090172488,Organization,Paredro,0.000199
237513286345629,Media/News Company,1mpics,0.000416
412131285550784,Magazine,mejorespracticasoficial,0.001671
117219344954857,TV Channel,LosProtagonistasAzteca,0.000199
131636185982,Community,campuspartymexico,0.001391
156283527897703,Consulting/Business Service,RetoZapopanOficial,0.000406
276446622502586,Entertainment Website,viralistas,0.001326
546321322057818,Non-Profit Organization,amapmexico,0.000209
179783438882274,Bank/Financial Service,EquityDeMexico,0.000199
155988631079054,Non-Governmental Organization (NGO),imcomx,0.000893
108236155925352,Local Business,,0.000199
991691410850829,Cause,h20help,0.000225
1508243622764407,Arts & Entertainment,DanzaTres,0.000225
401717136652897,Musician/Band,grupojeansoficial,0.000225
283313501703024,Athlete,MoisesMunozPortero,0.000225
109724729169825,Non-Profit Organization,PromocionDePaz,0.000323
276531369115908,Organization,RedSumaRSENL,0.000225
142552819094554,Non-Profit Organization,SELIDER,0.000261
1380174358909877,Education,Aimonterrey,0.000225
127368687595330,Government Organization,desarrollosocialNL,0.000288
1554672681447635,Personal Blog,rafaelramosdelagarza,0.000225
18716216245,Non-Profit Organization,FundacionTelevisa,0.000380
104060119630594,Athlete,,0.000225
151225704923749,Organization,OrgSocialteam,0.000225
472934716076970,Artist,JPVegaOficial,0.000521
185088321885965,Musician/Band,,0.000258
337903669691654,Musician/Band,Parkermusicoficial,0.000300
1691258697801044,Musician/Band,CalonchoTlaxcala,0.000244
404483549575035,Musician/Band,NataliaLafourcadeMx,0.000994
199105446792873,Musician/Band,monlaferte,0.000611
131477453606051,Artist,controlfoto,0.000542
105201263971,Company,squalo.internacional,0.000545
23251971320,Musician/Band,LaVidaBoheme,0.000351
549683438397000,Musician/Band,elsayelmar,0.000288
322481841249511,Non-Profit Organization,,0.000244
715619191816504,Professional Service,EllerbrockGuitarAndBassRepair,0.000244
186975291390016,Restaurant/Cafe,,0.000334
137489389599446,Product/Service,skullcandyMEX,0.000389
134360976763091,Magazine,amapolacultura,0.000509
1418107861753464,Community,,0.000244
399306763502968,Movie & Television Studio,casacalavera,0.000434
143448695704777,Radio Station,GritaRadio,0.000617
110041772386680,Community Organization,distritoglobal,0.000475
132374108822,Non-Profit Organization,enlaceambientalmexico,0.000380
135393903285111,Concert Tour,Bahidora,0.000804
608784065801101,Musician/Band,clubzclubz,0.000362
181412735400683,Travel/Leisure,ConexionBeachFestival,0.000244
200059077190,Musician/Band,torreblancaoficial,0.001148
530659393696506,Community,,0.000260
119059711491243,Website,RedBullPanamerika,0.000817
165057050177728,Musician/Band,thelittlejesus,0.001322
122431387777348,Company,loudeproducciones,0.000416
319154378185055,Musician/Band,AlejandroMunizmusic,0.000258
175372895904458,Artist,chelaetc,0.000244
636312433065865,Performance Venue,nocheztliautlan,0.000354
14624470515,Arts & Entertainment,festivalvivelatino,0.000986
226890294132832,Community,zankafest,0.000244
182192301986673,Musician/Band,calonchisFans,0.000274
227985437361132,Artist,morbousmind,0.000370
139691179420170,Musician/Band,jazminsolaroficial,0.000696
314733131972106,Consulting/Business Service,byparallel,0.000394
183348628345492,Musician/Band,poolside,0.000353
104045256308146,News/Media Website,MeHaceRuido,0.000794
176052272580780,Community,CalonchoFans,0.000258
154872104568553,Education,DiscotecaOnline,0.000454
239978312692495,Magazine,RollingStoneMX,0.000484
102557156512418,Artist,RipperPhotography,0.000244
366670083365670,Musician/Band,RayCoyoteBand,0.000599
398251993580436,Local Business,laperlarecordsgdl,0.000744
141561475927484,Local Business,CaleidoscopioLeather,0.000308
75416058600,Magazine,indierocksmag,0.000812
496200990404348,Wine/Spirits,Ixcall,0.000244
159872204031684,Radio Station,RMXradio,0.001702
239288781938,Record Label,LOVRECS,0.000523
303930092978789,Musician/Band,frutitascaloncheras,0.000436
167541170020326,Entertainment Website,onarocket,0.000260
123216351049810,Magazine,WARPmagazine,0.000649
236074676483593,Radio Station,TragosDeRock,0.000322
146283095564709,Musician/Band,FansCalonchoDF,0.000402
632704306795226,Magazine,pausemagazine,0.000420
119685104266,News/Media Website,Remezcla,0.000390
172381532781660,Bar,CuatroOros,0.000828
464421223639063,Community,gueykup,0.000363
88893308920,Public Figure,MIXLEFUN,0.001070
136448033067117,Musician/Band,theoaths,0.001548
287768071602,Musician/Band,sanjuanproject,0.001018
235024306625323,Musician/Band,oficialporter,0.002013
196777620342613,Musician/Band,unfamousdansolo,0.001380
106445139376240,Company,gigmx,0.000433
129102463838394,Musician/Band,vanessazamoraoficial,0.001313
289711234496063,Record Label,ManagersAnonimos,0.001418
9620065201,Radio Station,ibero909,0.002693
143652302399755,Artist,galgomusic,0.000495
378188158897947,Music Video,ReadySetSessions,0.000318
122122014548324,Musician/Band,yoguimusica,0.001044
9421327710,Musician/Band,technicolorfabrics,0.002266
107473789279196,Clothing,,0.000244
347168985366359,Hotel,ParaisoCostalegre,0.000277
288544631218466,Radio Station,Platano.Radio,0.000244
366847370080776,Non-Governmental Organization (NGO),Wixabikla,0.000473
235710979860927,Artist,LaSociedadSecreta,0.000268
472199809459271,Company,SalsaHuicholOficial,0.000244
108941139184676,Musician/Band,espumasyterciopelo,0.000732
88122449790,Musician/Band,vansentiger,0.000258
230442577012779,Musician/Band,dorotheoband,0.000365
8214859437,Musician/Band,paulinomonroy,0.000244
61506671531,Musician/Band,siddharthamusica,0.001665
132460050126867,Artist,elesdex,0.000728
280605788616928,Concert Tour,RADmusicMX,0.001136
110623462309086,Musician/Band,pumcayo,0.001189
523087707825341,Community,changemakerday,0.000252
312674948760813,App Page,boletia,0.000256
129905873750569,Community Organization,encuentroexateceuropa,0.000325
209928285754723,Consulting/Business Service,redextec,0.000267
157797730980547,Organization,AsExatecQro,0.000445
1666525220228111,Education Website,,0.000193
127254260629611,Non-Profit Organization,clasemx,0.000414
1044831592229502,Non-Profit Organization,legalidadpormexico,0.000193
184173068345549,Non-Governmental Organization (NGO),EPIMexico,0.000193
492212677578781,Organization,OrtopediaUrbana,0.000317
1721514881453298,Education,AprendiendoUnoaUno,0.000193
487659237930852,Non-Profit Organization,,0.000193
1721793294744233,Entrepreneur,delcerrojuan,0.000214
205879976105633,University,campuscuernavaca,0.001194
375023052596346,Non-Profit Organization,,0.000193
221643201335253,Government Organization,COSAInternational,0.000193
1429932297325994,Education,normalista.ensep,0.000193
1143719388975004,Fictional Character,LoquecallamoslosPEMs,0.000193
104044000242,Museum/Art Gallery,SanDiegoNaturalHistoryMuseum,0.000193
658831984156951,Athlete,TalaveraRacingTeam,0.000193
578939865496489,Media/News/Publishing,diarioelpopular,0.000193
198945190203535,Education,Learning1to1,0.000196
1554091218178410,Education,DigitalNativesMX,0.000196
36463574876,Non-Profit Organization,ICFDN,0.000277
849673571786417,Organization,rotario.ac,0.000196
1655981491327533,Community,PadrinosSierraNegra,0.000193
1669379196610278,Education,volunteersmexico,0.000193
741139492635538,Media/News/Publishing,simplechangemx,0.000196
403847503000161,Company,camaraverde,0.000193
107647832607256,Non-Profit Organization,islaurbana,0.000252
491125644302139,Media/News/Publishing,EdicionesSMmexico,0.000220
191553219314,Education Website,FreeTech4Teachers,0.000251
39995035895,Education Website,,0.000196
107729062614816,Organization,OSCDigital,0.000757
1492296307725446,Community,cemefi,0.000617
631111450319057,Education,compromisosocialporlaeducacion,0.000402
181612138546404,Organization,telarsocial,0.000255
1600554186824507,Non-Profit Organization,ensenaxpanama,0.000520
43791669181,Non-Profit Organization,,0.000193
495618183781863,Non-Profit Organization,ipcpuebla,0.000193
1657477561155978,Organization,,0.000196
1549483155302030,Education,choosetoteachrussia,0.000196
198081311536,Museum/Art Gallery,naturalhistorymuseum,0.000193
135578283226835,Education,Coursera,0.000602
39062279848,Education,Cultura.UNAM.pagina,0.003247
104770163604,Education Website,educationtimes.toi,0.000196
191921000271,Internet/Software,education,0.002430
262457777769,Organization,INEEmx,0.000390
1426518747608136,Company,vacaindependiente,0.000257
282547551846127,Bank/Financial Institution,vwfsmx,0.000193
334763440050524,Education,LaboratoriaMX,0.000318
1459518237669746,Education,escuelasmultigrado,0.000193
169575423053814,Education,CVCcampusmonterrey,0.000625
126545974046623,University,ITESMCEMoficial,0.001903
205095032857458,Education,TecCCM,0.001900
96599902887,University,UniversidadTecMilenio,0.001382
105816649458853,Landmark,,0.000193
242167352601360,School,colegioriberasdesacramento,0.000193
138280953021124,University,ENSECHESCOLARIZADO,0.000193
553464648023799,Non-Profit Organization,veovolunteer,0.000193
111174578943195,Non-Profit Organization,EducacionSF,0.000220
324995537523918,Government Organization,educacionEdomex,0.000193
301981380747,Government Organization,educacion.jalisco,0.000354
23680344606,University,arizonastateuniversity,0.000477
19223697429,Non-Profit Organization,fundacionorigen,0.000312
145539447942,Non-Profit Organization,cmdpdh,0.000193
124470544457,Community,,0.000231
466994006669120,University,,0.000229
138415149536976,Non-Profit Organization,proed.iap,0.000315
103440988903,Non-Governmental Organization (NGO),CauceAC,0.000256
1483581261863214,Education,Mide2014,0.000193
215282471857289,Non-Profit Organization,yansagroup,0.000193
682465328448639,Education,EGobiernoyTP,0.000860
111440548427,Non-Profit Organization,IIEglobal,0.000365
63495820910,Non-Profit Organization,teacherswithoutborders,0.000196
331974873544681,Media/News/Publishing,gitanafilms,0.000193
274969949374121,Non-Profit Organization,centrosaludescultura,0.000193
676451669099667,Education,panalmexico,0.000259
175917772448583,Non-Profit Organization,CooneyCenter,0.000193
201466703267954,Education,ViveBranta,0.000255
242631615771751,Education,CengageLearningCorporate,0.000206
385538428196886,Non-Governmental Organization (NGO),sumaxlaedu,0.000380
229139323848926,Education Website,totaluni,0.000193
1378246429053473,Organization,Jovenesconrumbotj,0.000309
352876721510110,Community,programajovenesconrumbo,0.000685
498206996901262,Education,IFIEmx,0.000398
516306551772672,Media/News/Publishing,EducacionFutura,0.000279
171383626246822,Government Organization,SEPmx,0.003821
165659066953083,Education,MinisterioEducacionec,0.000193
163022290378136,Publisher,educaciontrespuntocero,0.000296
214550118560030,Education,sep.puebla,0.000307
110257782369762,Media/News/Publishing,educationguardian,0.000233
5887538795,Media/News/Publishing,edweek,0.000676
105596369475033,Company,,0.000568
168597536563870,Company,IBM,0.000560
20528438720,Company,Microsoft,0.002160
112745842074205,Landmark,,0.000214
171627032870807,Local Business,TeachForPalestine,0.000193
447131995312853,Non-Profit Organization,TeachForAmericaMississippi,0.000218
1451301105116297,Education,TFA.Appalachia,0.000218
497330637030444,Education,TFIPuneCity,0.000303
351504344954547,Education,TeachForAmericaCharlotte,0.000218
126106807431214,Non-Profit Organization,TFABaltimore,0.000431
1457538814487048,Non-Profit Organization,TeachForAmericaBorderlands,0.000218
172901379530115,Non-Profit Organization,tfamemphis,0.000218
524948750886649,Non-Profit Organization,TeachForAmericaSanAntonio,0.000280
517726471619029,Community,TeachForSyria,0.000193
534322976655746,Education,TFAWashington,0.000271
628889720536678,Community,TeachForIndiaMayaMusical,0.000520
249787331730513,Non-Profit Organization,ChennaiTFI,0.000303
154013251301216,Local Business,tfamass,0.000356
285213038262726,Education,TeachForSweden,0.000676
530295877029729,Non-Profit Organization,tfalv,0.000218
287761391363128,Education,,0.000388
673780895979628,Non-Governmental Organization (NGO),TeachForQatar,0.000812
20750168545,Education,tfa.nj,0.000300
298848066803141,Education,tfp.thinktank,0.000196
210954312395154,Education,,0.000196
560316104002029,Non-Profit Organization,TeachForArmenia,0.000360
505445012808441,Community,TeachForAmericaArizonaState,0.000193
140022009471713,Non-Profit Organization,TFANewYork,0.000383
280671842097556,Non-Profit Organization,teachforslovakia,0.000401
217879704903540,Non-Profit Organization,teachforcanada,0.000201
432785446737470,Non-Profit Organization,TeachForNepal,0.000988
212755562263957,Non-Profit Organization,,0.000196
218813008152963,Education,theTFK,0.000196
305579342803192,Non-Profit Organization,teachforaustria,0.001118
199044740213961,Non-Profit Organization,teach4taiwan,0.000202
280978255270617,Non-Profit Organization,TeachForJapan,0.000977
144642828933603,Non-Profit Organization,tfchina,0.001021
203550139655283,Non-Profit Organization,teachforromania,0.000465
1440923196163495,Non-Profit Organization,TeachForHaiti,0.000358
758014060923335,Education,ensenauruguay,0.000384
487960637891578,Non-Profit Organization,EnsenaPorElSalvador,0.000280
1424351754503676,Education,tfadfw,0.000218
161352867228525,Non-Profit Organization,cam.lib,0.000193
544234005661572,Non-Governmental Organization (NGO),CejCoparmexPuebla,0.000211
120292021501244,Professional Service,CentroIDEAPuebla,0.000193
135877503150352,Government Organization,MujeresPoblanas,0.000353
520900614692250,Community & Government,JuventudPue,0.000275
124501954324222,Government Organization,,0.000347
273859889297027,Government Organization,ConsulmexChicago,0.000201
146773232025743,Local Business,ConsuladoGeneralDeMexicoEnHouston,0.000193
455701601204147,Government Organization,ConsuladoMXNOLA,0.000193
163128192314,Government Organization,ConsuladoGeneral.Mx.LA,0.000248
201076413259902,Education,TFAhouston,0.000391
175281562493585,Local Business,teachforamericachicago,0.000310
143978932354287,Local Business,TeachForAmericaOK,0.000209
188349329314,Non-Profit Organization,TFAMilwaukee,0.000226
661645777202361,Education,HumasMx,0.000193
247240938371,Product/Service,ManpowerMeCA,0.000307
310311244035,Organization,efareport,0.000287
102327652612,Non-Profit Organization,resourcefnd,0.000285
486372088109637,Consulting/Business Service,ImpactoSocialConsultores,0.000197
475190679253737,Non-Profit Organization,ensenapormexicoguanajuato,0.000275
80434767238,Non-Profit Organization,nysylc,0.001262
259515590736380,Community,,0.000193
21169267101,Non-Profit Organization,GiveIndia,0.000520
131568650250501,Community Organization,unitedwedreamtampabay,0.000512
164491053609885,Community Organization,ciyja,0.001137
614185015274046,Community Organization,wearefiya,0.000624
372316709504205,Community Organization,SdDreamTeam,0.000814
500348233329940,Community Organization,DreamersofVirginia,0.000359
125771084242949,Organization,ArizonaDREAMersInAction,0.000577
205417069478521,Community Organization,northbayimmigrants,0.000604
287787061259948,University,tamusaDREAM,0.000356
129760790371421,Community,,0.000356
247298325291050,Organization,PALIBERTYDREAMERS,0.000356
895284230522740,Community Organization,heretostayinfo,0.000592
118937276282,Non-Profit Organization,Student.Immigrant.Movement,0.000949
203583423017526,Non-Profit Organization,NationalImmigrationLawCenter,0.000705
118712551540971,Organization,guyaconnect,0.001448
207848242602843,Non-Profit Organization,fundacionbbvacontinental,0.000227
137755356243371,Education,theadac,0.000913
171737076177337,Community Organization,DreamersAdrift,0.001316
193583480653215,Community Organization,NationalImmigrantYouthAlliance,0.001429
130234313704399,Non-Profit Organization,UnitedWeDream,0.002885
131492126954010,Non-Profit Organization,dreaminmexico,0.000399
404995046342651,Media/News/Publishing,elsupuesto,0.000193
413950311966134,University,itamposgrados,0.001725
308353555899814,University,itambolsa,0.001610
340473091857,Organization,,0.000239
250162008341562,University,exitam,0.001610
51320424738,University,mitmedialab,0.000989
220154141340172,University,,0.000193
64897566856,Non-Profit Organization,MITOCW,0.000657
232028032643,Education,,0.000636
188807420192,Non-Profit Organization,KIPPDC,0.000949
139353806642,School,KIPPPhiladelphiaSchools,0.000795
29843113643,Non-Profit Organization,KIPPNYC,0.001118
149079201792904,Non-Profit Organization,teachforbulgaria,0.000929
601020986599518,Education,conafe.sep,0.000534
139840296068170,Government Organization,,0.000193
206797562725767,Education,,0.000193
106603729382581,Education,,0.000193
179030558837708,Education,,0.000193
133799486723454,Education,programaexecat,0.000225
430054727061710,Consulting/Business Service,Axxon.mx,0.000193
233886800006503,Community,unmillonxmexico,0.000501
525951407441542,Non-Profit Organization,MejoraTuEscuela,0.000430
269761559702362,Non-Profit Organization,TeachForThailand,0.000746
364915392898,Company,TerraCycle.Mexico,0.000225
364602665328,University,elcolmex,0.000547
225816450779891,University,iberoresponsabilidadsocial,0.000418
108772683119,Organization,columbiassw,0.000403
16577111793,Education,TeachersCollege.ColumbiaUniversity,0.000450
18058830773,University,PrincetonU,0.000377
102471088936,University,columbia,0.000404
207235352737737,Organization,alarcomunidad,0.000193
108583112500279,Local Business,,0.000211
165095810280918,University,,0.000193
153361022902,Non-Governmental Organization (NGO),AIESECMX,0.000647
217133264966793,Education,TeachFirstIsrael,0.000943
164092827064668,Non-Profit Organization,teachforall,0.002696
390801877648643,Non-Profit Organization,teachforbd,0.000819
199114553553392,Education,teachforthephilippines,0.000850
459889310762989,Non-Profit Organization,TeachForBelgium,0.000620
505637256171506,University,MayahiiGlobal,0.000193
10545138549,Non-Profit Organization,nafsa,0.000646
171645092846479,Non-Profit Organization,unvolunteers,0.001557
50904504420,Non-Profit Organization,FederationEIL,0.000300
215263335159525,Non-Governmental Organization (NGO),wystc,0.000262
54779960819,Organization,unitednations,0.002964
292977030801783,Non-Profit Organization,,0.000229
383155515034090,Education,DiplomadosITAM,0.000193
38086600355,Organization,,0.000547
226130625557,University,itesm.slp,0.000970
169777349710181,Local Business,,0.000193
345606215507965,University,DeportesBUAP,0.000325
166610653405505,Education,facultadfilosofiayletras.ffyl.buap,0.000325
642719872484499,University,DerechoBUAPoficial,0.000293
125616505057,University,radiobuap969,0.000487
52706682700,Library,,0.000497
110827028938985,Local Business,,0.000366
196239460399850,University,hipermediaibero,0.000395
578175878862922,University,IngenieriasIberoLeon,0.000193
24058283116,Business Service,licenciaturasibero,0.000547
116217215096489,University,CulturaIberoLeon,0.000663
317235791667689,University,mktypublicidad,0.000448
107858692572220,University,posgradosibero,0.000448
247949071909921,Local Business,,0.000193
147934051927236,Local Business,,0.000193
107994335889436,University,,0.000211
112273952122185,Local Business,,0.000398
151078231643920,Education,ExaUDLAP,0.000873
221824434503746,Education,udlapconsultores,0.000965
404924752926025,Education,biblioUdlap,0.000389
134528223237549,Local Business,,0.000395
100862869986427,Local Business,,0.000193
225468417541212,Education,udlapinternacional,0.000586
118580231571800,University,openhouseudla,0.000193
179469489118356,Education,UDLAChile,0.000357
110669342290225,Landmark,,0.000193
152555731427684,Sports Team,Aztecas.Udlap,0.000667
117259968338347,Non-Profit Organization,bolsadetrabajoiberopuebla,0.000193
227208727336313,University,IberoTV,0.000268
164265959365,School Sports Team,,0.000193
137690732965402,Education,,0.000238
180836745318719,School,,0.000268
117822273610,Local Business,LibrosIberoPuebla,0.000313
456033977798043,University,,0.000193
222825794530670,Education,lmc.chihuahua,0.000227
371326302959328,Local Business,,0.000193
290604810973847,University,ITESMSedeMerida,0.000244
114658991880495,University,,0.000193
103968882986248,Product/Service,IncubadoraTec.Mty,0.000527
130893697085534,Non-Profit Organization,enactustecdemty,0.000288
158381217553788,University,,0.000280
138972802529,School Sports Team,BorregosPueblaFutbolAmericano,0.000379
168667939825585,School Sports Team,BorregosMonterrey,0.001238
140866755976138,Teacher,ITESMenglish,0.000193
133798789990649,Organization,IdiomasProfesional.ITESM.SLP,0.000198
176672335754208,School Sports Team,rfutec,0.000316
556026997766906,Company,GooseAndHopper,0.000193
553005884715312,Education,,0.000844
379083958839440,Education,ImtItesmMrl,0.000433
103113426394869,Field of Study,,0.000193
307891532607819,University,Relaciones.Internacionales.UEx,0.000193
338354342920324,Education,udeminternacional,0.000193
463319913736913,Local Business,,0.000193
351364894893163,Local Business,,0.000193
232012200174191,Local Business,,0.000193
180117805363666,Bank/Financial Institution,,0.000193
148354145222226,Education,,0.000201
127983647261554,Local Business,,0.000193
409624825794580,Consulting/Business Service,IBBITESMCCM,0.000193
289645841147319,Education,IDSItesmCcm,0.000322
155960487751245,Local Business,,0.000193
127510530682051,University,,0.000193
385874301461535,Sports Team,ItesmCcmLpv,0.000193
470759656304712,University,,0.000193
110456965678772,Local Business,,0.000193
374005209384371,Education,PIMORELIA,0.000616
182418898478863,Education,TecCampusTAM,0.000939
369012553207505,School,LaeItesmMrl,0.000319
198024420209763,Local Business,,0.000202
114215431927757,Local Business,,0.000228
516585858387444,Company,ApicsItesmCem,0.000230
280226892042727,Consulting/Business Service,saticem,0.000193
179387442263186,Public Figure,EXATECITESMCEM,0.000630
167359039979183,Community,,0.000193
112642635477064,Company,,0.000193
124186682456,Product/Service,WesternUnion,0.000283
410221522380001,Non-Profit Organization,Filantrofilia2,0.000285
234145326705491,Non-Governmental Organization (NGO),ComisionMexicanadeDerechosHumanos,0.000197
493453457351145,Non-Profit Organization,coparmexnacional,0.001211
350562805026268,Non-Profit Organization,fraternidadsinfronteras,0.000223
290641580973281,Consulting/Business Service,blue2d.mx,0.000193
354325034594071,Community,fundemex,0.000285
161989220509682,Non-Profit Organization,fundaciontelmex,0.000401
110526009006428,Company,TheWTN,0.000203
110933235598331,Non-Profit Organization,,0.000203
142336125835812,Public Figure,,0.000193
403711242998234,School,ColegioMexicanodePsicterapiaCopsi,0.000193
282395828996,Non-Profit Organization,fundacionproacceso,0.000197
104534609591585,Non-Profit Organization,,0.000294
105967107278,Non-Profit Organization,fundaciontef,0.000345
244418625661695,Bank/Financial Institution,BBVABancomer,0.000497
104004892970514,Journalist,,0.000193
155480091143563,Community,,0.000193
120894134603763,Non-Profit Organization,SERAJ.AC.MEXICO,0.000714
268398022397,Non-Governmental Organization (NGO),,0.000193
115348181809986,Community Organization,,0.000193
108406595859141,Community Organization,scouts22puebla,0.000234
118035408225792,Local Business,,0.000193
195132800497730,Non-Profit Organization,ScoutsPueblaASMAC,0.000977
166765126690424,Community,,0.000193
371452416254775,Company,ScoutsGrupo1Tehuacan,0.000234
324800330919137,Non-Profit Organization,redjuveniljuarez,0.000193
118767648158925,Government Organization,Cultura.Ciudad.de.Mexico,0.000705
159736507681,Non-Profit Organization,,0.000193
178780105279,Government Organization,IMJUVE.Instituto.Mexicano.dela.Juventud,0.002611
283253295123998,Non-Profit Organization,sabiasqueibp,0.000276
320069088046498,Non-Governmental Organization (NGO),ConsejoCiudadanodePuebla,0.000193
388756747803178,Magazine,puebla.emprende,0.000250
413513022034554,Non-Profit Organization,ActivateXPuebla,0.000448
115016725181873,University,,0.000207
104073949628355,Local Business,,0.000193
145773142146377,Local Business,,0.000193
71102263870,University,IberoPueblaMX,0.000793
42603376541,Education,udg.mx,0.004203
357240654351497,Community,OrgullosamenteUam,0.000248
114123431998361,University,UAMComunidad,0.000520
109309335762209,Local Business,,0.000193
217812018278657,University,universidadanahuacpuebla,0.000293
163176823733747,University,,0.000211
106494182719351,Local Business,,0.000193
126239585051,Education,UPAEP,0.000415
105983849441298,Local Business,,0.000193
112432842116375,Landmark,,0.000258
80303969429,University,ITESMCampusPuebla,0.001551
108029155891887,Landmark,,0.000321
109855865725691,Website,IniciativaMex,0.001213
170064707106,Education,StanfordEducation,0.000231
114550078641745,Community,,0.000193
154554407891441,Local Business,mxdc.org,0.000193
43463168011,School,KIPPhouston,0.001315
7504080134,Non-Profit Organization,TeachForUs,0.000706
276593497919,Non-Profit Organization,KIPPFoundation,0.001655
28223973590,University,HumanatStanford,0.000357
103127603061486,University,,0.000193
160254320703871,University,lasallecuernavaca,0.000193
108265132528930,Local Business,,0.000225
148915424022,University,iberoleon,0.001309
21497951277,Publisher,HarvardPress,0.000859
29092950651,News/Media Website,TED,0.003781
10423517786,Publisher,HBR,0.002171
23497828950,Media/News/Publishing,natgeo,0.002013
72646999723,Non-Profit Organization,WhartonSchool,0.000226
111081718915955,Education,,0.000193
374809010319,University,YaleUniversity,0.004455
112181368808615,University,,0.000193
10111634660,University,UCBerkeley,0.000427
119136734796566,University,stanfordalumni,0.000193
106292436076473,Local Business,,0.000209
181942515174716,University,UDL.Gto,0.000209
277977055560030,University,BUAPoficial,0.000827
93087717991,University,universidaddelasamericaspuebla,0.001152
295249932949,University,univdeguanajuato,0.000344
111150122239484,Local Business,,0.000193
119122048176581,Company,,0.000193
49242437072,Non-Profit Organization,TECHOmexico,0.000491
185138684054,Non-Profit Organization,usmexicofoundation,0.000437
103144266392892,Local Business,,0.000226
30722631174,Education,TWCInternships,0.000209
603730309652930,Bank/Financial Institution,chase,0.016170
41130665917,Cause,nonprofits,0.005959
161343487953,University,HECParis,0.000252
276883371431,Organization,TRIUM.EMBA,0.000193
112353452115554,University,,0.000193
209531642397450,Education,UniversidadAnahuac,0.000485
8487164261,University,laibero,0.001035
105930651606,University,Harvard,0.001818
8496751819,Non-Governmental Organization (NGO),AIESECglobal,0.001290
154909711221643,Non-Profit Organization,teachforpak,0.002009
79616214317,Non-Profit Organization,TECHO.org,0.000571
168630896369,Non-Profit Organization,teachformalaysia,0.001799
104779413448,Non-Profit Organization,teachforindia,0.002311
54879226285,Non-Profit Organization,TeachForAustralia,0.001629
128158817290920,Non-Profit Organization,teachfirstnz,0.001262
169198676455247,Non-Profit Organization,empiezaporeducar,0.001351
173228581840,Non-Governmental Organization (NGO),TFLebanon,0.000995
8465326661,Non-Profit Organization,begeistert.fuer.bildung,0.001786
20892109576,Non-Profit Organization,teachfirst,0.001724
112031458809051,Local Business,,0.000677
18778219925,Cause,causas.org,0.000426
8433834471,Non-Profit Organization,teachforamerica,0.005136
186792071349302,Non-Profit Organization,,0.000866
368858049670,Non-Profit Organization,Ensenaporargentina,0.001597
198764526829704,Non-Profit Organization,,0.000993
209653525729597,Non-Profit Organization,ensenachile,0.001572
115552762892,Non-Profit Organization,EnsenaPeru,0.001406
26969639441,Education,yalesom,0.000714
165878254250,University,campusqueretaro,0.002618
1474914822812244,Education,,0.000226
104883762885593,Company,,0.000226
108538279186035,Website,topuniversities,0.000549
302640536953,Education Website,topmba,0.000372
757923197634073,Non-Profit Organization,foroeconomicomundial,0.000289
116233558420020,Local Business,WalmartMexico,0.000243
125659776114,Tools/Equipment,ingersollrand,0.000281
402052193189194,Company,Siemens,0.000226
289228631144267,Non-Governmental Organization (NGO),WBCSD,0.000346
110797819006286,Non-Profit Organization,WorldEnvironmentCenter,0.000243
410462222347038,School,,0.000226
198825450222092,TV Show,opcion.multiple,0.000543
36333015730,Media/News Company,AltoNivelMX,0.000635
330648243736372,Author,oliviahdzp,0.000226
163800315008,Company,llorenteycuenca,0.000226
118089491558930,Magazine,PLAYERS.Mty,0.000393
49729693499,Media/News/Publishing,mileniodiario,0.001556
255646367839313,Organization,sostenibilidadglobal,0.000324
366793718674,Organization,negociosverdes,0.000430
149929955049607,Telecommunication Company,Alestra.mx,0.000226
146064592207290,Company,Pemex,0.001443
301003216667425,Magazine,ForbesMexico,0.001650
198394683600142,Company,Restaliagrupo,0.000226
125874504101787,Media/News Company,EntrepreneurEnEspanol,0.000940
14226545351,Media/News/Publishing,redbull,0.001583
87735199927,Education,HBSExecutiveEducation,0.000759
106804586528,University,OneMBA,0.000226
56805881344,Publisher,KraftFoods,0.000226
8860325749,Media/News/Publishing,financialtimes,0.004529
23117544640,Media/News/Publishing,FinancialTimesMBA,0.004206
530372066978862,Education,ILCiudadania,0.001031
323626813995,News/Media Website,CNNMexico,0.003752
66563266023,Education,RotterdamSchoolofManagementErasmusUniversity,0.000242
127336447321880,Media/News/Publishing,ElEconomista.mx,0.000638
6013004059,Media/News/Publishing,TheEconomist,0.001534
215161528610021,Community,,0.000226
201330850164,Magazine,americaeconomia,0.001279
14158343106,Media/News/Publishing,Inc,0.000669
113584865337634,Non-Profit Organization,newventuresmexico,0.001507
215269391821386,Non-Profit Organization,SustDev,0.002409
154097864618233,Media/News/Publishing,,0.000274
341778204628,Non-Profit Organization,UNGlobalCompact,0.001020
51491238316,University,tecdemty,0.005207
111658075531636,Business/Economy Website,ExpansionMex,0.003819
30911162508,Website,forbes,0.002668
402340073123304,Education Website,Advancedmanagement,0.000413
8304333127,Media/News/Publishing,wsj,0.002018
6191007822,Website,LinkedIn,0.000421
108421625845506,University,,0.000543
1562753273990209,Politician,zoilaga,0.000196
134513599913154,Politician,EnriqueAlfaroR,0.000899
191819884509624,Food/Beverages,mindthehamb,0.000196
1004787669591916,Grocery Store,FoodTruckParkLaCalma,0.000363
912563438791249,Restaurant/Cafe,gabosburguergrill,0.000196
741213195890144,Organization,foodtruckssatelite,0.000231
1660255587579556,Food/Beverages,,0.000225
801250359961455,Grocery Store,Foodtruckspuebla,0.000225
880648701947497,Grocery Store,FoodTruckTorreon,0.000225
1624394461181961,Food/Beverages,,0.000231
1655032601439529,Grocery Store,,0.000225
410466565818488,Restaurant/Cafe,elcacomixtlemx,0.000225
1493545474278951,Food/Beverages,foodtrucklatinoamerica,0.000230
514367832072750,Non-Profit Organization,apefoodt,0.000196
748667685250454,Grocery Store,TimeOutTruck,0.000196
722600947879085,Grocery Store,LaRutaDelSaborr,0.000382
1469597260014528,Restaurant/Cafe,salomoncevicheco,0.000278
976357932428947,Restaurant/Cafe,DolceStradaMX,0.000311
1669288969976623,Food/Beverages,,0.000203
1411899002386539,Restaurant/Cafe,redsfoodtruck,0.000426
1427763460827305,Restaurant/Cafe,rampantefoodtruck,0.000434
231626723607097,Food/Beverages,TheKitchenBus,0.000205
1387677701497073,Mediterranean Restaurant,MrMy.gdl,0.000211
1555771147996513,Restaurant/Cafe,FoodTruckPepeJuanyLuis,0.000279
1537417049836613,Grocery Store,meteorafoodtruck,0.000205
724650174289721,Restaurant/Cafe,virgiliosmx,0.000205
578021542316346,Grocery Store,,0.000205
574881965978105,Grocery Store,Fregitmx,0.000202
882218448461880,Grocery Store,lasandwicha,0.000205
696514693803979,Restaurant/Cafe,TorTruck,0.000196
465797850185636,Grocery Store,,0.000196
863769727014037,Local Business,MARTINFIERROGDL,0.000205
701528166547291,Food/Beverages,,0.000205
621973021281944,Grocery Store,HamburguesadaMX,0.000274
302882886412946,Restaurant/Cafe,ReddySandwich,0.000497
676601899118029,Grocery Store,theyellowtruckgdl,0.000263
409760429202473,Restaurant/Cafe,crepeconeby.50,0.000205
430195180481979,Spas/Beauty/Personal Care,minoxidiljal,0.000205
780563838636668,Restaurant/Cafe,BlackBearTeaShop,0.000318
371487429708301,Food/Beverages,colectivofoodtruckgdl,0.000333
330429213829990,Local Business,foodtruckgdl,0.000607
143315052670445,Food/Beverages,southtruckcentral,0.000196
806858212689187,Public Figure,PabloLemusN,0.000961
1604492549827134,Grocery Store,Goldoogos.food.truckmex,0.000270
1855775847979953,Restaurant/Cafe,ElBurroEnmascarado,0.000279
724957954303556,Magazine,ftsmag,0.000202
722837881143460,Restaurant/Cafe,ZonaFoodTruckArboledas,0.000266
228660657275014,Non-Profit Organization,donaronline,0.000255
648861918581926,Grocery Store,foodtruckparkpvr,0.000250
658861964163939,Local Business,SlpFoodTrucks,0.000196
889732081098256,Community,foodtrucksleon,0.000225
1091101867620824,Community,,0.000225
877270105655716,Food/Beverages,Foodtruckparkchihuahua,0.000196
1427347887568874,Restaurant/Cafe,SanPascualitoMX,0.000196
714770125224887,Food/Beverages,FoodTrucksToluca,0.000250
619566328187363,Grocery Store,cabritocabronrestaurante,0.000196
494050697427770,Local Business,,0.000236
596151967139711,Restaurant/Cafe,Altomarft,0.000202
772967909417900,Food/Beverages,humotodoalaparrilla,0.000213
1019493571412669,Food/Beverages,Vagabondo.mx,0.000202
1659881270898784,Food/Beverages,Tatoron.oficial,0.000211
279980225454804,Kitchen/Cooking,CuriosidadesGastronomicas,0.000229
431016860398037,Grocery Store,,0.000196
321250361410372,Restaurant/Cafe,blackbearteatruck,0.000329
273798905991390,Restaurant/Cafe,SahuaroGrill,0.000196
184227135030854,Grocery Store,hotrocksfood,0.000205
478889395623978,Grocery Store,MeltiesGdl,0.000458
770720856339353,Event Planner,eventosfourbrothers,0.000205
653422884712230,Community,,0.000245
363264390529983,Restaurant/Cafe,octobusftgdl,0.000211
1399843133617192,Restaurant/Cafe,wabbabbq,0.000295
668130209925965,Grocery Store,,0.000261
663904913755813,Caterer,LaDiscadaGdl,0.000196
342587312574997,Restaurant/Cafe,Hizuki.JG.and.SB,0.000205
182354655257426,Organization,,0.000278
1437518166533862,Arts & Entertainment,,0.000225
749112631838514,Restaurant/Cafe,FTHouseCoyoacan,0.000203
1398923510389713,Food/Beverages,FoodTrucksQro,0.000578
788850201175339,Restaurant/Cafe,dombagels,0.000205
610219509086544,Restaurant/Cafe,TACOTRUCK.RSH,0.000225
122787097845422,Grocery Store,Gypsy.Gastrocart.and.Catering,0.000276
594601087322518,Grocery Store,ViaPublicaMexico,0.000205
348757451956112,Grocery Store,,0.000205
1399041936983244,Grocery Store,,0.000205
984713694879286,Food/Beverages,loretofish,0.000271
236057363224377,Restaurant/Cafe,elchefgourmet,0.000658
1563200457227278,Restaurant/Cafe,,0.000342
386799551497601,Local Business,cupcakeland2015,0.000211
875119412522343,Restaurant/Cafe,lawafrenetica,0.000453
540898876031928,Grocery Store,tacomalayo,0.000273
698298066953086,Restaurant/Cafe,,0.000205
227349267429749,Restaurant/Cafe,Lazarococinaenmovimiento,0.000332
237420169771636,Grocery Store,TribecaFT,0.000650
764136626966376,Grocery Store,LunchStationGdl,0.000328
821012887933541,Food/Beverages,foodtruckfest,0.000196
900698996616738,Community,foodtrucksedmx,0.000225
691264690959190,Grocery Store,chilaquiltlan,0.000205
237133766478436,Grocery Store,FoodtrucksStation,0.000238
224501184390422,Restaurant/Cafe,dinnerfoodtruck,0.000196
1491757611043874,Media/News/Publishing,guiafoodtrucks,0.000286
497930517005605,Society/Culture Website,FoodTrucksGuideMX,0.000271
418414588213840,Product/Service,Foodtrucksin,0.000394
562186570521945,Food/Beverages,foodtruckmx,0.000215
540896702661482,Grocery Store,foodtruckpark,0.000694
741498725885694,Bar,Foodtruckbar,0.000732
1506950132896695,Food/Beverages,foodtruckfestivalbrasil,0.000196
534395536608033,Business/Economy Website,foodtruckr,0.000358
562229890549418,Restaurant/Cafe,GreCofoodtruck,0.000799
135338352796,Magazine,ociogdl,0.000615
832097986808880,Food/Beverages,foodtrucksmexicoAC,0.000282
1442730882655033,Movie Theater,meliesautocinema,0.000239
351943774954751,Community,ilovefoodtrucksmx,0.000444
183166704416,Community,EnGuadalajaraMx,0.000394
532657270172656,Food/Beverages,foodtruckparkgdl,0.000875
636376479810055,Grocery Store,TheBagelKingdom,0.000259
175646365822436,Magazine,tourmagazine,0.000232
741232092652518,Shopping/Retail,eyburger,0.000196
121489141260839,Company,iZettle,0.000207
347302415356318,Non-Governmental Organization (NGO),canirac.jalisco,0.000418
155709751164579,Organization,yellowsuite1,0.000380
1424569061146613,Product/Service,lamirillabazar,0.000309
1583543451919818,Grocery Store,comiloink,0.000277
171981399280,News Personality,foodbeast,0.000196
288940911303530,Movie & Television Studio,LionsgateUK,0.000196
389209517805432,Education,asfg.mx,0.000372
148817745181479,Food/Beverages,FestivaldeCerveza,0.000258
200566685128,Government Organization,USCGGuadalajara,0.000441
1423289281251490,Cars,unbreakablemx,0.000207
443441825691540,Food/Beverages,,0.000298
215316418622858,Grocery Store,abreboca,0.000264
510985398927101,Professional Service,revistaemporos,0.000207
137305022975219,Local Business,mizrahiagency,0.000196
249285398576652,Community,vidaengdl,0.000567
507032312738962,Food/Beverages,LaCocinetaa,0.000279
621025794631632,Local Business,,0.000285
1449139338638597,Grocery Store,TacoMandoMX,0.000326
574427065972756,Restaurant/Cafe,monkeybrothersmx,0.000408
377927555672045,Community,Foodiegdl,0.000220
530525023661943,Food/Beverages,labuenastation,0.000841
1754881574653124,Journalist,ElDiarioDeUnTragon,0.000554
142363735808378,Media/News/Publishing,MobileCuisine,0.000557
339906976108608,Magazine,,0.000196
248811425272879,Entertainment Website,ChilangasHambrientas,0.000220
160595630795013,Grocery Store,RootBeerRibs,0.000548
447378848708575,Product/Service,lemimehelados,0.000357
241822719305121,Restaurant,kitchenbusmovil,0.000205
197230890461183,Professional Service,FoodTrucksdeMexico,0.000440
259150770783670,Food/Beverages,cenalista,0.000196
286321711514835,Grocery Store,elgrankebab,0.000233
412794182157361,Food/Beverages,foodgdl,0.000196
301363113281205,Restaurant/Cafe,,0.000232
576161085784882,Food/Beverages,queseteantoja,0.000240
330949043652211,Food/Beverages,cupandgo,0.000234
279677225491121,Company,,0.000196
1439856339561151,Restaurant/Cafe,truckaburger,0.000312
150401381809385,Restaurant/Cafe,GrillMovil,0.000231
396216313839040,Grocery Store,garmosassociato9,0.000351
361682353936817,Restaurant/Cafe,,0.000196
103087226488362,Food/Beverages,bluegrassfoodtruckassociation,0.000196
310787129016947,Restaurant/Cafe,FortWayneFoodTruckAssociation,0.000196
164608413611857,Non-Profit Organization,SLFTA,0.000264
186539278057368,Society/Culture Website,nycfoodtrucks,0.000306
329947540401221,Food/Beverages,foodtrucksnash,0.000238
330632777016958,Food/Beverages,LouisvilleFoodTruckAssociation,0.000196
267262590062989,Food/Beverages,SAFoodTruckAssn,0.000238
256599561028159,Organization,TallyFTA,0.000196
422321471170677,Non-Profit Organization,CincinnatiFoodTruckAssociation,0.000238
438346099571431,Restaurant/Cafe,CafeinaBus,0.000196
275061392601811,Grocery Store,Angelesydiablitosmovil,0.000481
196394550421715,Grocery Store,,0.000588
415819551832679,Grocery Store,,0.000438
615821775111574,Restaurant/Cafe,BistroChicken,0.000727
367237153344966,Restaurant/Cafe,MEbagel,0.000290
112344992298473,Restaurant/Cafe,BurgerExpressMexicoCity,0.000400
132398420242374,Restaurant/Cafe,ElCaminoFoodtruck,0.000770
193304160818670,Food/Beverages,,0.000301
476851559014670,Local Business,larutamex,0.000290
107339355974863,Restaurant/Cafe,,0.000290
271439059636031,Local Business,pigbilcochinita,0.000411
515114031874690,Food/Beverages,LaYumitaoficial,0.000349
566219153416190,Food/Beverages,meatlessbus,0.000349
224049897735346,Restaurant/Cafe,PrimarioMex,0.000556
1420851818130568,Food/Beverages,aftmty,0.000283
426195427471603,Restaurant/Cafe,,0.000465
339327332264,Non-Profit Organization,GuadalajaraTeAmo,0.000231
402103753160223,Album,,0.000196
118905584819877,Frozen Yogurt Shop,Yogocup,0.000217
193862620739155,Outdoor Gear/Sporting Goods,ExpoBici.Mx,0.000464
501223959930754,Restaurant/Cafe,FoodtrucksMx,0.001630
406666172773368,Community,FoodtrucksDf,0.000845
641953575822547,Personal Blog,gastromobilFT,0.000509
263035477150842,Grocery Store,thegeorges.urbano,0.000214
253305848129680,Restaurant/Cafe,gourmetdelacalle,0.000720
176629862359769,Public Figure,rafaelrangelsostmann,0.002018
281188282215551,Public Figure,josemedinamorai,0.000226
652404098123494,Community,centraldecambio,0.000288
270577976380974,Education,PrepaTecGDL,0.000728
275986892483408,Education,escrituraacademica,0.000314
263391853700567,Education,ebookstec,0.000741
303324230119,Entertainment Website,SinapsisMedios,0.000336
138171956193710,Community,gruposprepa,0.000706
154466377942872,Non-Profit Organization,ConsejoGDA,0.000401
206719826048056,Education,,0.000293
180256032046032,Education,,0.000423
343343179776,Amateur Sports Team,,0.000311
23200868598,Public Figure,fsierra,0.001636
252862098066707,Education,pasionxlectura,0.001532
228268697257392,Community,RideTec,0.000396
119677581444554,Education,IncubadorasSociales,0.001391
235122709860671,Education,piprepagdl,0.000367
176233772426218,Organization,MediaStation,0.000263
221461167951955,Community,BiciTecGdl,0.000680
422238794486810,Community,CentroParaElExitoEstudiantil,0.000332
143846052340771,Education,DisenoTEC,0.000893
366510766775291,Education,ITCTecdeMty,0.000259
1584804545112530,Education,www.cvc.itesm.mx,0.000231
126457237386280,Product/Service,MujerTecMty,0.000333
1514452732110406,University,cvctoluca,0.000288
123228122533,Consulting/Business Service,KalypsoLP,0.000241
254852601222832,Company,cemexmexico,0.000722
450917358304920,Consulting/Business Service,CaintraAdministraciondePracticantes,0.000241
173906371370,Hotel,onehoteles,0.001524
774317845913094,Product/Service,GammaHoteles,0.000199
616545815073666,Hotel,liveaquaMx,0.000283
325373485682,Hotel,fiestainn,0.001516
195605070151,Hotel,fiestamericana,0.001575
138457552871898,Hotel,LiveAquaCancun,0.000199
323957871792,Media/News/Publishing,mercaplusmx,0.000199
332205604060,Cars,ChryslerMexico,0.000283
223277325178,Cars,MitsubishiMexico,0.000440
327724667911,Cars,JeepMexico,0.000199
106757756082003,Non-Profit Organization,fundacion.pas,0.000213
169862406356,Cars,MercedesBenzMX,0.000234
139815609434727,Company,MindcodeMX,0.000199
123610501009751,Food/Beverages,TajinMexico,0.000265
196060410429804,Household Supplies,TecnoLiteMX,0.000500
476638845370,Community,PerfectChoiceLA,0.000275
243309019072484,Wine/Spirits,ABSOLUTELYX,0.000199
217397088290363,Wine/Spirits,ABSOLUT,0.000351
109178479145223,Company,Saba.mx,0.000199
562672897105962,Local Business,,0.000199
307208746020100,Food/Beverages,BurgerKingAmericas,0.000226
358869770926539,Event,congresomexicanodeantropologia,0.000203
272162676161523,Professional Service,ismartmx,0.000199
119783268094729,Education,bighistoryproject,0.000254
125527644130365,Internet/Software,INFOTECMexico,0.000261
6296252634,Museum/Art Gallery,metmuseum,0.000923
409755759122221,Community,ventitascanarias.es,0.000199
35647585977,Product/Service,pautacreativa,0.000283
514931248572135,Community,unaantropologa.enlaluna,0.000199
283238758381653,Community,occupyanthropology,0.000497
188819599455,Local/Travel Website,Gastronomia.Prehispanica,0.000210
305034252895195,Movie & Television Studio,mamuhtcinema,0.000223
210070329101805,Computers/Technology,Cyberpuerta.mx,0.000199
198209173598332,Community,anthropology.report,0.000621
239245392788160,Computers/Internet Website,antropologiadigital,0.000233
87387978228,Organization,ESOMAR,0.000199
110137635682721,Interest,,0.000199
109250092426406,Field of Study,,0.000199
226910968667,Community,Anthropologica,0.000497
114726748544633,University,,0.000199
514669791905269,Business Person,aaronbenitez,0.000213
131123886921619,Cars,MastrettaCars,0.000207
55975468877,Travel/Leisure,Vive.Queretaro,0.000192
11152643246,Athlete,,0.000723
8039493705,Newspaper,lajornadaonline,0.000973
184135508914,Non-Profit Organization,,0.000839
113862311975086,Non-Profit Organization,,0.000237
221514014579997,Non-Profit Organization,careintra,0.000241
336827999688216,Non-Profit Organization,PremioEmprendedor,0.001056
9995834213,Non-Profit Organization,guadalajara2020,0.000314
137999922931920,Non-Profit Organization,FMovimiento,0.000865
198623844282,Non-Profit Organization,,0.000743
554829854545177,Organization,CoparmexVer,0.000200
369961426416263,Non-Governmental Organization (NGO),CoparmexAgs,0.000727
180479858766300,Non-Profit Organization,coparmex.irapuato,0.000449
204590129617991,Non-Governmental Organization (NGO),CoparmexNL,0.000412
131965550157599,Non-Governmental Organization (NGO),mexicoevalua,0.000450
147751821930575,Non-Profit Organization,FundacionCarlosSlimSalud,0.000200
359390894733,Cause,FundacionGrupoModelo,0.000883
222884854403283,Non-Profit Organization,cidac.org,0.000427
330638060328334,Non-Profit Organization,ElevemosMexico,0.000202
318732798240430,Non-Profit Organization,PactoPorMx,0.000192
110172585712141,Society/Culture Website,,0.000341
194037790692633,Non-Governmental Organization (NGO),SomosCdMx,0.000338
222151951202311,Education,DESOJ.ITESO,0.000218
100867376619769,Politician,Xochitl.Galvez.R,0.000218
258750594239999,Cause,UnMexicanoMejor,0.000211
336327698265,Government Organization,ZapopanCultura,0.000673
112228142122051,City,,0.000242
152816078110907,Community,TheWakeCup,0.000404
189618591114549,Community,ConexionJalisco,0.000265
109065255843099,Government Organization,DesarrolloZapopan,0.000385
240562080071,Government Organization,INJUVEDF,0.000648
48966795116,Non-Profit Organization,amnistiamexico,0.000798
196413007837,Non-Governmental Organization (NGO),ViveZapopan,0.000282
125024854112,Company,LibreriasGandhi,0.002476
50997736442,University,filgdl,0.002786
181884661170,Society/Culture Website,UdG.Cultura,0.001240
252167987057,Non-Profit Organization,NARIZROJAAC,0.000395
327980996637,Government Organization,juventudzapopan,0.001029
115103408384,Media/News/Publishing,elinformador,0.001080
68793499001,Non-Profit Organization,unicef,0.004643
44262832775,Organization,BancoMundialMexico,0.000301
116089504822,University,ITESO,0.002181
107377932683154,Clothing,Bonkerscomx,0.000228
373493082666731,App Page,rn.mybandapp,0.000361
125299054202386,Education,UNAM.MX.Oficial,0.002057
213693228664478,Government Organization,camaradediputados,0.000227
528582947162730,Organization,ConsejoTecGdl,0.000324
543106212368728,Community,EncuentroPorMexico,0.000352
33827916464,Non-Profit Organization,OCDEenEspanol,0.000594
133872513328550,Non-Governmental Organization (NGO),MexPrim,0.000652
357697627622152,Organization,VotaValoresJalisco,0.000192
308707661007,Non-Profit Organization,MarAdentroAC,0.000257
539240226132328,Government Organization,InstitutoJalisciensedelaJuventud,0.000526
125878960808740,Non-Profit Organization,jaliscomovamos,0.000869
108167782551017,Sports Team,,0.000192
141710709236109,Education,belfercenter,0.000586
35622951402,Education,harvardkennedyschool,0.000926
95869282061,School,harvardlaw,0.000578
47427598263,Education,singularityu,0.000224
103302649817,Politician,FelipeCalderonH,0.000351
156572791074708,Organization,comcoparmex,0.001544
109486839070556,Country,,0.000263
110167655671774,State/Province/Region,,0.000192
468586243214951,Government Organization,CulturaJalisco,0.001425
146315602216,Product/Service,JaliscoEsMexico,0.001080
235590273192505,Community,Jovenes.com.co,0.000192
296576633729882,Non-Profit Organization,SumaValley,0.000507
37107394336,Public Figure,EnriquePN,0.005363
470677586367095,Company,VoxFeed,0.000300
786015558197928,Museum/Art Gallery,AAMpuntocentral,0.000214
221783444500332,Artist,laramurillog,0.000214
613919915330554,Restaurant/Cafe,cafechilango,0.000214
247802415254239,Local Business,,0.000214
294803334020745,Magazine,promonterrey,0.000650
124831784860,Art,MuseodeArteModernoMX,0.000715
61477422425,Museum/Art Gallery,museofridakahlo,0.001050
160463177304959,Museum/Art Gallery,museotamayo,0.001335
125198934199311,Product/Service,,0.000218
8320087058,Education,arteacoficial,0.000476
141969316908,Museum/Art Gallery,museomarcomty,0.001923
112771848734055,Local Business,,0.000218
238779362812820,Restaurant/Cafe,,0.000214
350666415012259,Artist,ElizabethWelshArt,0.000218
196645981302,Artist,,0.000332
295584010536188,Artist,bianca.monroy.arte,0.000302
263620123697705,Artist,LauroPedrazaArt,0.000235
1424705997771299,Artist,SaraFilgueirasArtista,0.000218
221075727923843,Product/Service,,0.000271
285808428235765,Government Organization,ConsulMexMILAN,0.000302
368860376610376,Artist,VisualArtisNGarcia,0.000220
1554700328092084,Community,,0.000285
434396266644696,Artist,PepePorcayoFotografo,0.000245
260550124139379,Non-Profit Organization,bienaldearteexatec,0.000359
7031523262,University,ESADEBS,0.000351
150245471783173,Non-Profit Organization,EXATECSuiza,0.000327
211142049028523,Community,Convocatoriasyconcursosparaartistas,0.000224
367152833370567,App Page,instagram,0.000724
542772039098594,Organization,exateceuropa,0.000263
120790267936584,Local Business,yaleclubnyc,0.000380
41283418347,Museum/Art Gallery,NewHavenMuseum,0.000666
34356105818,Musician/Band,SamTsuiMusic,0.000217
27645915908,Musician/Band,yaleootb,0.000412
141284588127,Non-Profit Organization,yalewli,0.000199
14203164806,Non-Profit Organization,,0.000194
126141911454,Non-Profit Organization,yalesigmachi,0.000212
141247262444,Non-Profit Organization,ColoradoYaleAssociation,0.000300
170469363448,Non-Profit Organization,,0.000194
101888846650,Magazine,,0.000194
136651758869,Club,,0.000194
143873012956,Book Store,yalebookstore,0.000510
96093298061,Education,yalenationalinitiative,0.000293
38443607797,School Sports Team,,0.000241
105985057168,Company,,0.000241
92977703891,School Sports Team,yalewomensrugby,0.000194
93076864978,Magazine,YaleInsights,0.000371
164198131037,Company,,0.000199
135553003012,Company,,0.000281
179256746833,Radio Station,yaleradio,0.000478
77041836733,Musician/Band,YaleSlavicChorus,0.000221
200391956176,Actor/Director,,0.000194
93485278722,Local Business,,0.000194
106180949867,Education,GilmoreMusicLibrary,0.000840
132273887745,Education,,0.000436
174154459166,Hotel,thestudyatyale,0.000446
128099114714,Local Business,,0.000194
111101740470,Education,ydslibrary,0.000403
134565150072,Sports Team,,0.000194
177797844713,School Sports Team,LuxetVelocitas,0.000194
121171477860,Education,yalemun,0.000199
53519062728,Organization,,0.000194
312582120092,Education,YaleOCS,0.000556
104526554969,Non-Profit Organization,,0.000194
120385458018,Non-Profit Organization,,0.000300
254515000526,Community Organization,blackstudentallianceatyale,0.000199
94384779212,Non-Profit Organization,yalepress,0.001531
89550890855,Education,YaleLawSchool,0.000592
71254014917,Education,yalembaforexecutives,0.000262
40865037041,Science Website,MSUMCIL,0.000194
39466174957,Organization,BFMdeY,0.000199
78413412941,Non-Profit Organization,,0.000194
22095075962,Health/Medical/Pharmaceuticals,ynhhs,0.000194
12879785977,Organization,,0.000194
8441748558,Musician/Band,yale.carillon,0.000332
60724908002,Public Figure,YaleCrayon,0.000199
65639957156,Organization,yalechaplain,0.000463
20927752142,Non-Profit Organization,,0.000194
85654728972,Non-Profit Organization,,0.000194
20887506095,Local Business,,0.000194
53314062996,University,YalePolice,0.000740
161415030669482,Organization,YaleMensVolleyball,0.000194
16205747641,Non-Profit Organization,,0.000194
89633022535,School Sports Team,YaleRugby,0.000442
10015692570,Local Business,yalebellydance,0.000258
9174947443,Musician/Band,MixedCompanyOfYale,0.000221
72315691811,Product/Service,,0.001295
96826022393,News/Media Website,YaleEnviro360,0.000399
10633932238,Musician/Band,yaleconcertband,0.000318
50049084170,Local Business,YaleUniversityEquestrianTeam,0.000194
25805542538,Musician/Band,yalegospelchoir,0.000255
41692118392,Musician/Band,,0.000194
34296550736,Musician/Band,ShadesofYale,0.000277
19947887536,Musician/Band,yalesymphony,0.000657
60799537943,Magazine,TheYaleRecord,0.000194
27830538659,Non-Profit Organization,AIESECYale,0.000332
40453219765,Community,,0.000194
68087952760,Product/Service,,0.001295
65967626733,Product/Service,,0.001295
63375014561,Product/Service,yalepcosprogram,0.001295
78908984609,Product/Service,,0.001295
156067505570,Product/Service,,0.001295
77498424812,Product/Service,,0.001295
55523238825,Product/Service,YaleFertilityCenterWestport,0.001295
71570375131,Non-Profit Organization,thefriendsofyalenewhavenchildrenshospital,0.000390
77037778077,Education,YSNPreceptors,0.000194
36000888441,Education,yalemusicsymposium,0.000270
48222463648,Performance Venue,,0.000270
76217765177,Product/Service,,0.001295
14518877231,Library,YaleLawLibrary,0.000592
105423768216,School Sports Team,YaleGradRugby,0.000194
79332913550,School Sports Team,yalebulldogs,0.000654
95346058361,Local Business,,0.000242
81737292786,Restaurant/Cafe,ClairesNewHaven,0.000483
90246483821,Museum/Art Gallery,YCBAStudentGuides,0.000194
13019616139,Non-Profit Organization,cityseed,0.001050
28135707209,Club,toadsplaceofficial,0.000295
48020229400,Hospital/Clinic,yalenewhavenhospital,0.000352
65916671072,Musician/Band,whiffenpoofs,0.000317
60589173395,Organization,yalearabalumni,0.000304
30403370413,Non-Profit Organization,artidea,0.000828
29361309160,Local Business,,0.000322
7790667828,Museum/Art Gallery,YaleArtGallery,0.001613
11097738218,Musician/Band,thedukesmenofyale,0.000286
40570365148,Non-Profit Organization,ysdonstage,0.000317
23663418453,Education,ezrastilescollege,0.000423
49295934428,Museum/Art Gallery,YalePeabodyMuseum,0.000924
17263073599,Organization,,0.000300
49526380438,Arts/Humanities Website,,0.000194
22707029758,Organization,MorseCollege,0.000441
19884198049,Organization,,0.000588
23890338277,Organization,,0.000423
25737380814,Education,,0.000389
25487604477,Organization,Saybrook.College,0.000397
18799069452,Organization,piersoncollege,0.000441
37653166705,University,yalemusic,0.000737
11503661178,Musician/Band,theyalealleycats,0.000249
8502937934,Musician/Band,yalegleeclub,0.000311
20272332453,Education,yalelibrary,0.001232
70714390189,News/Media Website,YaleDailyNews,0.000774
21502337995,Musician/Band,spizzwinks,0.000230
54948663183,Education,yalesustainability,0.000449
10572556227,Non-Profit Organization,NewHavenIndependent,0.000734
110090344534,Non-Profit Organization,TGWNN,0.000322
388030677981858,Restaurant/Cafe,laylasrestaurantepv,0.000604
205344452828349,Actor/Director,georgehtakei,0.000447
266260493411262,Club,JBDancingClubPuertoVallarta,0.000644
378938938809078,Entertainment Website,salsaenpuertovallarta,0.000794
138366523000094,Restaurant/Cafe,SaladsPV,0.000630
438158232913997,Non-Governmental Organization (NGO),ParticipaVerde,0.000435
108441315844027,Interest,,0.000249
107860392569604,Movie,,0.000249
177233659070929,Product/Service,dailyhappynessquote,0.000330
148880140638,Movie Character,happy.snowwhite,0.000249
126355914052425,Local Business,ShantiConstructora,0.000538
21326510375,Sports & Recreation,ShantiStudio,0.000946
172722272759714,Consulting/Business Service,EcoEventos,0.000573
24413402410,Consulting/Business Service,ideasdetonator,0.000521
157239670990711,Non-Profit Organization,destinationsdna,0.000783
145723748788343,Non-Profit Organization,Wefeelfree,0.000832
336548116368894,Product/Service,earthoclock,0.000829
192426001106,Consulting/Business Service,verdeate,0.000302
21608654695,Government Organization,CinetecaMexico,0.002061
56713285274,Non-Profit Organization,greenpeacemexico,0.001955
153094742922,Media/News/Publishing,revistaproceso,0.002119
52668503585,TV Channel,Canal22Mexico,0.001409
549509338432981,App Page,bondzu,0.000217
112791451329,Journalist,fareedzakaria,0.000452
975625902474015,Community Organization,,0.000217
666970026670169,Government Organization,embamexespana,0.000217
189630894447191,Non-Profit Organization,Enlace.EE,0.000302
424654781032805,Community,MexicoParticipa,0.000247
220298954777755,Education,IEEGL,0.000376
259698320748711,University,FamiliasEmprendedoras,0.000328
124283100972683,Education,eaad.mty,0.000956
195923199514,Education,TecCampusAGS,0.000558
1408474549421296,Education,innovacioneducativa.tec,0.000761
208966514625,Education,TecdeMtyToluca,0.000810
386825991372921,News/Media Website,micasaemis,0.000386
559557240735760,Non-Profit Organization,AsociacionDeEmpresariasAMEEE,0.000225
132935556857032,Reference Website,,0.000233
405896269476707,Non-Profit Organization,ExatecColombia,0.000260
291981867486977,University,TecCSN,0.000600
136086673179064,Museum/Art Gallery,MuseodelTecnologicodeMonterrey,0.000548
104720489592134,Product/Service,PanoramaTec,0.001401
352349034893536,Government Organization,EmbamexEUA,0.000386
95703172152,Media/News/Publishing,technologyreview.es,0.000544
1391129074436642,Non-Profit Organization,comunicaexatec,0.000400
247384368765037,Organization,exatecpanama,0.000217
116750115017682,Book Store,LibreriaPorrua,0.000263
134959030033481,Artist,carlosquezadatenor,0.000217
94464477883,Non-Profit Organization,,0.000281
151844091545900,Politician,MarcelaGuerra.perfil,0.000217
122664021095983,Non-Profit Organization,AsociacionALEMexico,0.000244
150009538357152,Author,SirKenRobinson,0.000255
647532281927341,Education,educa.para.el.desarrollo,0.000225
136418573191820,Non-Profit Organization,exateces,0.000272
472275292854526,Organization,cceoficialmx,0.000322
449881680467,Non-Profit Organization,SorteosTec,0.000913
357413301003224,Cause,BienMx,0.001501
425425190912249,Non-Profit Organization,INCmty,0.001843
309849335755951,School,escuelamedicina.tecdemty,0.001314
542996135760195,Education,CCI.ITESM.Leon,0.000240
142456715777578,Non-Profit Organization,Expotec,0.000983
247690881960257,Product/Service,PIETecdeMonterrey,0.000217
190437687666949,Non-Profit Organization,FeriaDelLibroMty,0.002809
465497383472861,Education,,0.000217
226380994085115,University,Tec.campusleon,0.000866
1404150473144190,Non-Profit Organization,DistritoTec,0.002969
141694022580568,Non-Profit Organization,EXATECFlorida,0.000368
100722800080864,Non-Profit Organization,ExatecChicago,0.000225
415305528485825,Non-Profit Organization,ExatecHouston,0.000268
164814586897879,Community,EmprendeRed,0.000994
159411297001,Education,tec.hgo,0.000934
110767978989316,University,TecdeMtyLaguna,0.000878
181200461932644,Education,TecCampusSantaFe,0.001018
328953743973927,Website,wise.gdl.mx,0.000206
149915161717874,Government Organization,,0.000253
133991230002561,Hospital/Clinic,centromedicopuertadehierro,0.000268
123165584397192,Hospital/Clinic,SanJavier.Hospital,0.000216
237615618476,Local Business,Anatomage,0.000206
19673334536,School,TheAmericanSchoolFoundation,0.000236
135305943221524,School,ExCCCR,0.000206
411157202310763,Non-Profit Organization,ajanutricion,0.000283
308133139250712,Education Website,MejoresAlumnosEIAS,0.000206
155980267777585,School,InstMardeCortes,0.000206
12817533694,Magazine,ALOHAREVISTAMX,0.000395
46152322794,Society/Culture Website,VivirGuadalajara,0.000524
214008825056,University,TeatroDiana,0.001328
242977235738688,Community Organization,CarnerosGDL,0.000306
16491263634,Product/Service,incubadoradeempresas.gdl,0.000443
114476891932440,Non-Profit Organization,fedejal,0.000260
165929753457385,Cause,cenaenlaoscuridad,0.000316
253195754799202,University,BiotecnologiaTECGuadalajara,0.000206
127464104063510,University,LNBTecCampusGDL,0.000272
447465381940701,University,IMDTecCampusGDL,0.000349
58895017663,Non-Profit Organization,BancoInteramericano,0.001579
139091492843104,Local Business,,0.000200
140601095967714,Government Organization,institutosonorensedelajuventud,0.000264
793301310711240,Local Business,,0.000200
366071200143499,Product/Service,porto.alegrebebidas,0.000200
149976555098260,Professional Service,GrupoGamas,0.000200
182687605104492,Product/Service,ColimanBrand,0.000200
246204165570152,Education,ExatecCiudadObregon,0.000222
172091976142819,Non-Profit Organization,fer.org.mx,0.000232
1.01501181089154E+016,News/Media Website,mashable.video,0.003626
340410803690,News/Media Website,mashable.business,0.004473
282071091819646,News/Media Website,mashable.news,0.003626
500945955060,News/Media Website,mashable.socialmedia,0.004856
18807449704,Media/News/Publishing,mashable,0.005033
139547129428882,Non-Profit Organization,AESMAC,0.000448
202802906425943,TV Channel,,0.000232
217195828314353,Restaurant/Cafe,RestaurantSwissHaus,0.000232
106838662686497,University,LaPrepaTec,0.000254
201773826513268,Community,,0.000224
511383958978286,Sports Event,sporttam.mexico,0.000214
260129280743986,Education,DAECampusTampico,0.000319
570033316345195,University,TiendaTecTampico,0.000214
126682794029277,Non-Profit Organization,EnviroFilmFestAus,0.000316
370809212950918,Government Organization,EmbamexAustralia,0.000309
1218774884833798,Arts & Entertainment,400vcs,0.000268
565859173597396,Producer,SarapeFilms,0.000616
167408593287316,Non-Profit Organization,socialmarketingassociation,0.000194
527439444008926,Non-Profit Organization,casacemgdl,0.001060
1544249612513889,Community,AOCSummit,0.000194
219769364857951,News/Media Website,upsocl,0.000402
766972716746496,Organization,MujeresQueInspiranMx,0.000194
509709149191595,Community,,0.000216
1446406762332875,Community,HablemosdeHepatitisC,0.000194
270400331993,Non-Profit Organization,WinguTecnologiaSinFinesDeLucro,0.000276
793401620737380,Actor/Director,,0.000194
255261467863647,Non-Governmental Organization (NGO),masmusicamenosbalasguadalajara,0.000511
147139788797936,Community,GlobalCentreHealthyWorkplaces,0.000194
156414315220,Organization,lpverdes,0.000670
336725599719462,Non-Profit Organization,ambulantejalisco,0.000448
180812578627109,Media/News/Publishing,Desinformemonos,0.000580
183749274990301,Product/Service,googleartsculture,0.000207
299829183512692,Community,TechWomenCommunity,0.000232
28486214581,Non-Profit Organization,foodforthehungry,0.000194
1426304670973746,Community,foodfunding.mx,0.000331
436609756382153,Non-Profit Organization,TalentsGuadalajara,0.000266
133214856741639,Non-Profit Organization,Femibici,0.000731
1672523442978881,Community,nuestracausamx,0.000204
201183486632829,Non-Profit Organization,representationproject,0.000194
378958902188192,Movie Theater,Abordar.CasadePeliculas,0.000194
257698500962118,Community,forummundialdabicicleta,0.001324
861423910545162,Community,NoCulpesObra,0.000204
512845282146903,Community,,0.000233
123321363901,Club,LaTropaAC,0.000257
32811799715,Non-Governmental Organization (NGO),biblioburrocolombia,0.000194
421003884684014,Cause,TodosSomosPeaton,0.000230
332466510150563,Cause,HazlaDeTos,0.000515
176029012558656,Community Organization,LaFlorDeXochistlahuaca,0.000194
760995123926966,Cause,MexicoEnTusManos,0.000194
476498902370914,Cargo & Freight Company,reyesdelvolante,0.000216
486324651440186,Non-Profit Organization,PlasticBank,0.000194
422435827825012,Community,PechaKuchaGuadalajara,0.000278
158363636498,Non-Profit Organization,PechaKuchaGlobal,0.000274
152767681523448,Community,Stop.Phubbing,0.000194
123073227830408,Community,festivalpinturafresca,0.000715
416803835064945,Fictional Character,Supercivicosmx,0.000369
289844728222,Non-Profit Organization,FundacionHombreNaturaleza,0.000227
140987089349687,Book,MafaldaDigital,0.000246
1395416124008052,Community,SonrieGuadalajara,0.000560
114345125931,Magazine,yesmagazine,0.000194
247672621945115,Movie,occupylovefilm,0.000201
161217060642982,Community Organization,Bicis.Solidarias,0.000194
297793091436,Public Figure,biciclown.fb,0.001804
343673402335927,Non-Governmental Organization (NGO),BicicletasSinFronteras,0.001798
112360332300565,Clothing,delfuego.mx,0.000293
191840894202780,Community,BiciSurGDL,0.000307
191481180894610,News/Media Website,,0.000194
126844147330126,Magazine,RevistaNatGeo,0.000286
146934168833741,Non-Profit Organization,BicisPorLaVida,0.000979
682654288414745,Community,,0.000534
527604277275429,Community,RUM.GDL,0.000831
46370758585,Non-Profit Organization,UNFAO,0.001828
362764747070004,Website,mercadosdemedioambiente,0.000194
181760681873886,Community,centrobicicultura,0.001040
289650601156475,Travel/Leisure,hosajal,0.000216
32028010775,Magazine,TeoremaAmbiental,0.000194
224851177526039,Outdoor Gear/Sporting Goods,kmamexico,0.000194
167359523288781,Non-Governmental Organization (NGO),proyectoecovia,0.000562
291203767657196,Cause,accessibleicon,0.000194
208320752542364,Education Website,desmesurar,0.000433
277907432295459,Public Places,BarrioDeMexicaltzingo,0.000216
500008153358265,Community,Biciactivistas,0.000834
156503417751582,Non-Profit Organization,ExigimosMasCiclorrutas,0.000276
226121024066240,Non-Profit Organization,wricidades,0.000811
399661613467755,Community,TomaLaCiudad,0.001158
60883417696,Non-Profit Organization,planka.nu,0.000194
138080746224911,Travel/Leisure,OFVCGDL,0.000586
182153835269736,Cause,SubeteALaCiudad,0.000403
514305571944570,Non-Profit Organization,ElTelarDeSarape,0.000303
275528389191240,Musician/Band,lesfemmesdeserge,0.000251
320471284737056,Community,TheMotivational,0.000194
103257857195,Non-Profit Organization,peaceoneday,0.000518
560861473933722,Organization,CreaPotencialMX,0.000194
332974236793360,Community Organization,,0.000219
463918380317281,Community Organization,historiagdl,0.000304
426583980716070,Community,movilidad.iteso,0.000706
432490163442620,Sports & Recreation,megaciclos,0.000194
424363577632850,Other,SAlejandraBaldrich,0.000194
358331434187724,Artist,,0.000194
323512301078760,Non-Governmental Organization (NGO),AgenciaDeRegeneracionSocioAmbiental,0.000333
245408868858429,Non-Profit Organization,CasaHuichol,0.000363
168160296589869,Non-Profit Organization,disenosocial,0.000227
343746197749,Non-Profit Organization,itdpmx,0.001202
347570439192,Non-Governmental Organization (NGO),,0.000650
251888378177579,Organization,HospicioCabanas,0.000999
119244601497258,Non-Profit Organization,TEDxGuadalajara,0.000324
116069965209024,Company,PinturasPrisaOficial,0.000194
294551537306855,Non-Governmental Organization (NGO),wakingsouls,0.000344
388758944535067,Community Organization,MejorSantaTere,0.000827
292202614232506,Community,sinfonia.urban,0.000194
177242365735393,Community,FrasesPiensosYElucubraciones,0.000216
27528724075,Non-Profit Organization,projectforpublicspaces,0.000970
262982040474035,Community Organization,PuntoUrb,0.000350
151302261673275,Community,DefensaCentroGDL,0.000347
525826917443746,Landmark,AndadorJustoSierra,0.000427
365530786844559,Non-Profit Organization,StartupWeekendMexico,0.000290
453803441320277,Movie,TheYesMenAreRevolting,0.001824
204020506345673,Non-Governmental Organization (NGO),,0.000463
186683058120422,Non-Profit Organization,,0.001335
183035481753642,Consulting/Business Service,CuadraUrbanismo,0.001932
181137145283839,Cause,CiudadparaTodos,0.002938
213382115359253,Non-Governmental Organization (NGO),,0.001246
172863302742452,Consulting/Business Service,LACmx,0.000444
302807696400979,Non-Profit Organization,foro.complot,0.001234
263927407041934,Consulting/Business Service,S2Arquitectura,0.000365
267507873351869,Community,UrbanAirProject,0.000194
345420755512680,Non-Governmental Organization (NGO),PlataformaMetropolitana,0.000904
268715096564430,Non-Profit Organization,RenovacionApieCaminatas,0.000228
119881268072,Non-Governmental Organization (NGO),adoptagdl,0.000391
104438892938868,Reference Website,LaBioguia,0.001160
175405925840954,Non-Profit Organization,DondeReciclo,0.000504
193469284045043,Travel/Leisure,guialaperla,0.000263
277605618940059,Travel/Leisure,,0.000194
135142799929701,Magazine,RevisionesGDL,0.000410
268055779914106,Community Organization,PaseoaCiegas.Gdl,0.000534
222095417898318,Community Organization,SosPatrimonioGuadalajara,0.000216
211905892225284,Website,CdPixel,0.000967
31843383875,Consulting/Business Service,bktbp,0.000523
109992402355067,Artist,AlfreditoRomanoMonero,0.000194
204550796244571,Non-Governmental Organization (NGO),cejmexico,0.002106
167334073279057,Community,contactoMKT,0.000203
311100685585010,Community,cronicaspasajeras,0.000913
96761506615,Public Figure,,0.001919
189300029764,Local Business,colectivotriciclo,0.001071
149481481733719,Company,Cofsaeventos,0.000369
123167811127927,Community Organization,cineparque,0.000456
108331149209839,Non-Governmental Organization (NGO),,0.000604
165763216796441,Local Business,HuertoencasaMX,0.000321
106815446044234,Community,ocvleon,0.000242
170491066299784,Product/Service,ocvmonterrey,0.000279
236607831935,Politician,CarlosLozanodelaTorre,0.000194
230854040316393,Local/Travel Website,DescubreCentroHistoricoGDL,0.001951
161016240577426,Museum/Art Gallery,coloresdejalisco,0.000285
138358076830,Non-Governmental Organization (NGO),BioTU,0.000249
105182566187539,Cargo & Freight Company,,0.000935
146305572944,Local Business,BrandcorpMx,0.000311
49952504351,Travel/Leisure,MexicoBoutiqueHotels,0.000194
480800498652778,Retail and Consumer Merchandise,dannabananamx,0.000250
152636271463434,Organization,canietinacional,0.000365
1503421339873573,Home Decor,macetas.concreto,0.000234
148013302063477,Musician/Band,fuldacocktailband,0.000193
232352333525958,Company,,0.000411
687494107958759,Local Business,,0.000193
183122488379111,Local Business,tallerveinticuatro,0.000333
137912329631913,Local Business,,0.000234
573520729328817,Local Business,ConstructoraSurPremoldeadas,0.000193
498072076870064,Chemicals,,0.000193
174283949291491,Company,,0.000193
255556667828783,Company,,0.000193
164528623627992,Clothing,,0.000193
49385746799,Home Decor,zarahome,0.000302
365455156806411,Real Estate,URBVEL,0.000193
167948606603692,Community,,0.000193
423319684430534,Fashion,,0.000193
142332449241944,Home Decor,cesiavilchezinteriores,0.000193
264699896974079,Local Business,FKDisenoDeInteriores,0.000193
210852042316817,Community,,0.000193
209532942480116,Real Estate,,0.000193
201185549919532,Home Decor,,0.000193
111613138924986,Home Decor,,0.000193
162291987972,Magazine,revista.arquitk,0.000913
428256073920568,Local Business,TuituiKidsDisenoDeInteriores,0.000193
217331948411781,Local Business,,0.000193
201789996606987,Company,E.C.E.Interiorismo,0.000193
518593801489294,Local Business,DisenoArteDeInteriores,0.000193
452228754844899,Website,fotosdedecoraciondeinteriores,0.000210
204411346239504,Building Materials,,0.000193
189067043615,Professional Service,,0.000193
213437298710088,Company,,0.000193
390831117650412,Home Decor,GlmDisenoDeInteriores,0.000193
173973079288671,Professional Service,estudiocot,0.000193
154218251335121,Non-Profit Organization,disenadoresdeinterioresargentinosasociados,0.000330
158438377552140,Professional Service,AlmanzaStudio.com.mx,0.000193
103617883143209,Home Decor,interiores.miel,0.000193
519161074792797,Home Decor,NattuDecoraciones,0.000193
96534173456,Product/Service,DisenodeInterioresGuadalupeFernandezBlanco,0.000347
487121464713502,Product/Service,,0.000193
209154775794271,Company,,0.000193
221485597879757,Public Figure,,0.000680
114293385270319,Professional Service,,0.000193
301077639928679,Design,acongonha,0.000193
186129434801217,Local Business,,0.000193
202028016482005,Home Decor,,0.000193
228555983886104,Education,cursointeriores,0.001287
149577468420547,Website,decoraciondecasas,0.000317
171657906324363,School,dis.interiores,0.000193
270310856329387,Local Business,,0.000193
168016566651623,Home/Garden Website,decoracionfachadasyplanos,0.000239
116620438393692,Company,,0.000193
198586906955341,Company,,0.000193
233672736680202,Magazine,ArquitecturaDI,0.000753
131072173697626,Home Improvement,trazzointeriores,0.000193
560737200626136,Real Estate,disenodeinterioresbisma,0.000193
179662842199754,Local Business,,0.000193
106974582674312,Local Business,,0.000193
192581547570733,Company,,0.000193
171834962839106,Professional Service,DoloresTorga,0.000193
128524793851869,Product/Service,interiorismomdp,0.000645
260146624075744,Professional Service,DisenoDeInterioresRoccomty,0.000193
206454729478401,Consulting/Business Service,,0.000193
183050345162049,Professional Service,,0.000193
123637571155,Public Figure,,0.000553
32326229123,Product/Service,,0.000487
471746142846587,Home Decor,mgcinteriores,0.000245
539124599431610,Professional Service,diseno.deinteriores.torreon,0.000193
118457211523785,University,DisenodeInterioresDC,0.001569
323861407683066,Interest,,0.000355
16311976684,Product/Service,,0.000418
275346062524190,Website,DecoraciondeInteriores10,0.000803
140981115993320,Furniture,DuomoFurniture,0.000193
462674570440575,Company,,0.000193
379639132076708,Home Decor,DXLondon,0.000193
149541335110852,Company,leap.architecture,0.000193
123276947751816,Local Business,g2rm.arquitectura,0.000193
255727014518058,Business Service,,0.000209
31193380687,Professional Service,fiarquitectos,0.000193
353736744675547,Company,PicciottoArquitectos,0.000209
553319674698764,Non-Profit Organization,arquitectos.dejalisco,0.000254
68336155409,Company,,0.000335
190613397640573,Professional Service,proyectarquitectura,0.000193
579659212057279,Professional Service,9.15arq,0.000193
117678498305404,Company,CEHVM,0.000193
195816633822173,Company,tacherarquitectos,0.000197
309400505756544,Company,SordoMadalenoArquitectos,0.000327
234374400015868,Company,disainarquitectos,0.000193
335040680170,Professional Service,GAMHAarquitectos,0.000254
287701394667437,Consulting/Business Service,SPRBarquitectos,0.000283
307906822567241,Company,JAPIMX,0.000538
126648767408841,Professional Service,,0.000209
326309680805684,Magazine,ArquiMagazine,0.000294
181971978496873,Professional Service,ImativaArquitectos,0.000201
332584483430647,Company,,0.000254
197109220305149,Real Estate,rozarq,0.000209
183644781676909,Company,emasaarquitectos,0.000254
375794457279,Company,agrazarquitectos,0.000640
192461520835709,Home Improvement,MueblesLluesma,0.000193
439004709487166,Home Decor,CninteriorsmoCn,0.000193
473730489347961,Local Business,cidon.interiorismo,0.000193
591620047521632,Company,interiorismomg,0.000234
222202121207557,Professional Service,,0.000193
172578196234889,Home Decor,tado.interiorismo,0.000193
105349332832467,Interest,,0.000193
213084215454686,Company,Design.Arquitectura,0.000226
371063656282870,Furniture,nestinteriorismo,0.000193
459818294087574,Company,Bashinteriorismo,0.000193
130868783634242,Company,surtidormx,0.000193
352509651427131,Reference Website,Podio.arquitectura.diseno.interiorismo,0.000555
493456514015205,Magazine,RevistaMexicoDesign,0.000399
154729541230598,Magazine,glocaldesign,0.000542
128236580575178,Company,CaSaAquaboutique,0.000193
107238282634762,Education,itesoegresados,0.000333
310132257313,Product/Service,URREAmexico,0.000770
361192037406700,Company,efdiseno,0.000418
125321740905803,Non-Profit Organization,,0.000425
238562536193206,Company,ceramicasexclusivas,0.000193
264526606917064,Health/Medical/Pharmaceuticals,clinicaplexus,0.000250
1617722141801356,Consulting/Business Service,vidaentrepreneur,0.000249
172735306072271,Local Business,beposmx,0.000249
169701656401628,Business/Economy Website,somosempresariosamamoslosretos,0.000304
166533369803,Local Business,lomioesTUYO,0.000249
227436087313913,Professional Service,disenograficorgb,0.000249
126346670759049,Website,PlanEmprendedor,0.000249
354683988464,Local Business,comunidadsmart,0.000249
196143567083110,Non-Profit Organization,CCJEJ,0.000352
123992744293721,Non-Profit Organization,USEMJovenesGDL,0.000264
168733106497259,Business/Economy Website,folgom,0.000264
184250358270453,Software,notepases,0.000377
250859164925643,Grocery Store,PasteleriaPaulette,0.000557
109737809081451,Organization,AMFranquicias,0.000390
369477166403935,Company,Kontrakte,0.000207
191504904238032,Business Service,pimientasocial,0.000207
191742793241,Food/Beverages,SigmaAlimentos,0.000207
135240586600,Local Business,franquiciatunegocio,0.000230
106157999469604,Magazine,LaFranquiciaPerfecta,0.000296
114065701992536,Local Business,VinosdelMundo,0.000230
50540568485,Food/Beverages,vitaminwater,0.000740
106032442760474,Local Business,,0.000207
20033605039,Food/Beverages,sweetleaftea,0.000207
210465232315122,Games/Toys,,0.000216
356939351151948,Company,VivirIlimitado,0.000216
281128585397389,Organization,latingameconference,0.000247
927000150720698,Computers/Technology,latindevsummit,0.000216
378736615495520,Athlete,Oficialgiovanidossantos,0.000216
136673571930,Government Organization,procolombiaco,0.000220
208821641772,Software,unity3d,0.000308
335423016559546,Organization,TagDF,0.000402
119733658197237,Computers/Technology,Cerevrovi,0.000216
14104316802,Product/Service,PlayStation,0.000466
187870283314,Local Business,exodoanimation,0.000522
59783439815,Product/Service,xboxmexico,0.000657
105783017898,Games/Toys,gameplanetmx,0.000263
135229599886614,Magazine,rROBOTEKNIA,0.000240
653895261339275,Community,devhrmx,0.000351
227047317317885,Internet/Software,,0.000216
93440283240,Magazine,ExpansionEmpresas,0.003506
183036453131,Company,TechBACorporativo,0.000230
111944215484142,Local Business,,0.000278
198987336800781,Local Business,ComunidadEmprendedores,0.000226
168957429822831,Musician/Band,ITESM.Allegro,0.000244
260641660631351,University,,0.000216
521217564646160,Education,,0.000321
669717823118817,Education,,0.000216
413140332035866,Community,DifusionCulturalTecCampusSaltillo,0.000216
802277599822558,Education,TECFormacionCulturalSinaloa,0.000251
224985840950131,School Sports Team,DAECampusLeon,0.000264
104061136309193,Local Business,,0.000341
216273495137304,University,daepuebla,0.000486
411891332219914,University,daecampuscuernavaca,0.000254
21466516537,Education,difusionculturaltecmty,0.001201
241867085852973,Education,tecdemtychih,0.000798
160882843998603,Education,daecdj,0.000390
357471934375146,Education,tecdemonterreyccv,0.000405
540590979311889,Education,,0.000327
487016611315030,Community,13concursocartelartedigital,0.000382
177935822288221,Non-Profit Organization,SALAECampusHidalgo,0.000233
217922684955583,Hospital/Clinic,HospitalZambranoHellion,0.001330
175457055829249,Hospital/Clinic,HospSanJose,0.001497
152066538153641,Company,,0.000242
198686230002,University,catedraAMS,0.000676
99158093147,University,TecdeMonterreyMorelia,0.001554
105090206230520,University,TecMtyZacatecas,0.000742
722558097800952,Artist,olgazunoarte,0.000341
103418533031555,University,,0.000366
107610032601862,School,,0.000350
159158590886384,Education,TecdeMonterreyCDJ,0.000523
211219822244084,Education,CentroVirtualdeAprendizaje,0.000332
104505619590204,Education,virtualeduca,0.000378
291455184364220,Media/News/Publishing,GradAustralia,0.000198
16479682578,University,oaklandu,0.000213
27104741639,Non-Profit Organization,2ndharvest,0.000198
17446917475,University,utdallas,0.000198
147418938660836,University,unacostarica,0.000198
139457856107354,Company,CorporateGray,0.000198
44053938557,Government Organization,USarmy,0.003061
120452764631897,Non-Profit Organization,VocesVitalesAr,0.000198
125129784184444,Product/Service,HewlettPackardEnterprise,0.001373
133324056696927,University,UoSCareersService,0.000198
514363228618790,Non-Profit Organization,HireOurHeroes,0.000223
7191390807,University,UofArkansas,0.000363
1487948861498172,Company,HPECareers,0.000256
148008678657633,Local Business,VekRecruitment,0.000198
120205988020631,Computers/Technology,techexpotopsecret,0.000198
145310298848769,Electronics,HPsrilanka,0.000198
140517875998092,Company,HPEDiscover,0.000836
226719583881,Musician/Band,meghantrainorsongs,0.000198
10606591490,Media/News/Publishing,time,0.002330
148114261929938,Media/News/Publishing,thedailymuse,0.000887
74281347822,Government Organization,USNavy,0.002989
175942042455471,Internet/Software,aurasma,0.000231
91450366579,Consulting/Business Service,Interbrand,0.000198
84622580476,Public Figure,megwhitman,0.000435
6428288402,Non-Profit Organization,kiva,0.000612
381403635299912,Non-Governmental Organization (NGO),RodzinaiKariera,0.000198
146415938706440,News/Media Website,tuwroclaw,0.000634
164025103628518,Non-Profit Organization,BESTorg,0.000625
160934680639252,Non-Profit Organization,aiesecwroclawue,0.000951
350543774965682,University,KarrieredageneBI,0.000198
157152384315972,Education,HandelshoyskolenBI,0.000367
145049452203223,University,ntnu.no,0.000198
109934609071833,School,MinesSaintEtienne,0.000198
86348219317,University,universite.technologie.compiegne,0.000198
447886445279327,School,ensimag,0.001656
102707736463253,University,GrenobleINP,0.001656
133995003367,University,epita,0.000198
245258284571,School,CentraleLyon,0.000748
109307965762193,Landmark,,0.000198
7264103028,University,GrenobleEM,0.000297
27211034606,Education,EMLYONBusinessSchool,0.000647
153577078551,School,edhec,0.000259
69804799158,Education,escpeurope,0.000214
23089171651,University,essec,0.000243
107774545916741,Local Business,,0.000198
161129647390242,School,neomabs,0.000198
154746204583820,University,itu1773,0.000198
105609062830671,University,sabanciuniv.edu,0.000222
142887619118451,University,MiddleEastTechnicalUniversity,0.000198
198230966864114,University,kocuniversity,0.000598
213879365316179,University,BilkentUniversitesi,0.000198
196120360440532,University,BogaziciUniv,0.000198
371473592696,University,uewroc,0.001265
133191663413017,University,BiuroKarierUEWroclaw,0.001157
124623390924067,Community,BiuroKarierPWr,0.000465
109735779104927,Website,Mlodzi.w.Lodzi,0.000198
135487523200575,Non-Profit Organization,ACCA.Poland,0.000198
255285671208503,Non-Profit Organization,cimapoland,0.000198
115196348499084,Non-Governmental Organization (NGO),aiesecpoland,0.000858
298362397042,Non-Profit Organization,WIGGOR,0.001054
256541307739275,University,KuzniaKadrUE,0.000895
513857045333834,Community,AbsolwenciAEUEweWroclawiu,0.000198
302684016454343,Community Organization,absolwenciwsbwroclaw,0.000231
121584327904649,Non-Profit Organization,BEST.WARSAW,0.000464
396227727077968,Community,kariera.wroclaw,0.000645
436320329760545,Consulting/Business Service,DolnoslaskaSiecBiurKarier,0.000468
408503175871691,Community,WroclawskieCentrumAkademickie,0.000280
167082760053239,Media/News/Publishing,hispanicexecutive,0.000198
103784306327504,Local Business,,0.000210
79846858340,School,,0.000198
133018306730783,University,WSUPullman,0.000281
8829726273,University,UofWA,0.000341
107955145899105,University,,0.000198
245640871929,University,UTAustinTX,0.000503
271199144875,University,universityofhouston,0.000639
25493258171,University,tamu,0.000372
304355260609,Education,pvamu,0.000198
61388081925,Education,,0.000317
146381745267,University,pennstate,0.000248
38992348286,University,osubeavers,0.000352
6711658857,University,osu,0.000443
8570160131,University,Cornell,0.000495
21749746264,Education,universityofnewmexico,0.000238
262257370546,Organization,ncatsuaggies,0.000254
21105780752,University,universityofmichigan,0.000475
126533127390327,Education,MITnews,0.001092
235601731818,Education,universityofky,0.000412
113174253097,Education,notredame,0.000198
100526673914,University,PurdueUniversity,0.000267
228401243342,Education,NorthwesternU,0.000307
62232870730,Education,BoiseStateLive,0.000198
251841205227,Education,georgiatech,0.000695
136298855614,University,coloradostateuniversity,0.000198
134972803193847,University,usc,0.000685
11360325957,Education,uclabruins,0.000390
45408742662,University,sanjosestate,0.000224
7697745806,Education,UCentralArkansas,0.000224
107898859230875,University,,0.000198
22360227546,University,universityofalabama,0.000329
53951646271,Non-Profit Organization,gracehoppercelebration,0.000198
74814378587,Non-Profit Organization,nbmbaaHQ,0.000198
6406676171,Non-Profit Organization,NAAAP,0.000198
81682771394,Non-Profit Organization,NSBE1975,0.000236
149824901710506,Non-Profit Organization,shperegion4,0.000198
140776405961882,Non-Profit Organization,,0.000198
491087460918923,Non-Profit Organization,SWERegionC,0.000236
5769127611,Product/Service,ClearanceJobs,0.000198
46402621263,Product/Service,ClearedJobFairs,0.000232
29752126120,Non-Profit Organization,SWEorg,0.000312
152964111438221,Education,NMCacademy,0.000572
100964393284992,Non-Profit Organization,HPLIFE,0.000198
191187460289,Product/Service,HP,0.002595
477895045713241,Clothing,lastknightgdl,0.000264
693937443966640,Non-Profit Organization,inadem.se,0.001112
211886775494873,Education,,0.000501
864426833654685,Education,congresodeinvestigaciontec,0.000311
848488028565008,Education,,0.000218
182222501810087,Non-Profit Organization,,0.000226
203873636383143,Education,anuies,0.000522
452423281584951,Education,ITESM.FormacionCorporativa,0.000197
150199001742246,Community,TEDxZapopan,0.000483
200526726682876,University,,0.000580
334124272964,Education,CAD.QRO,0.000914
128538028026,Company,AceleradoraTecdeMonterreyQro,0.000577
103186519776277,Organization,RelPadTecQro,0.000748
464494376914217,School,celayaprepatec,0.000636
454069384605854,Education,EscolarITESMQro,0.000605
314118331960700,University,venaltecqro,0.000938
150458721659574,Education,prepatecqro,0.000807
210703745629002,Education,Observatoriodeinnovacioneducativa,0.000278
281979475252745,University,MedicinaITESMCCM,0.000322
476781909129475,Education,biblioteca.leo,0.000197
176649959135045,University,ITESMSedeOaxaca,0.000452
266236683425193,University,ItesmSedeCampeche,0.000224
135903749818038,Public Figure,Phd.Edgar.Montalvo,0.000489
237031732983304,Organization,gda.tyc,0.000197
603688202996603,Community,CongresoTEC21,0.000202
638801536176400,Community,consejosparapapas,0.000197
150440638303234,Non-Profit Organization,consejoce,0.001018
641285679248839,Community Organization,expresotec.mty,0.000330
291379050963608,Non-Governmental Organization (NGO),ConsejoCivicoNL,0.000692
439541762799011,Community,movimientoTECmty,0.000579
955171077842846,Community,,0.000330
182741658427358,Non-Profit Organization,cefmty,0.000949
450276288380149,Education,InnovactionGym,0.000521
174750465922802,School,PrepaTecPuebla,0.000688
371120078600,Education,PICampusMonterrey,0.000838
577811938978337,Education,borregos.salvajescem,0.000543
121719127903312,University,imtcuernavaca,0.000234
277235069114536,Public Figure,scoutinoa,0.000624
307764165930197,Organization,PremioCEMEXTEC,0.000408
192146734187983,School Sports Team,DaleCiudad,0.000294
189750186397,Education,,0.000284
413076465393156,School,IMITec,0.000313
228207200559813,School,,0.000326
288469724526795,Education,LCDTecCCM,0.000298
63317898464,Radio Station,conceptoradial,0.000398
211695482271212,Energy,solucionesenbioenergia,0.000371
155636824499047,Education,Ccmprepatec,0.001120
158807670824503,Non-Profit Organization,cam.mty,0.000977
130720146953029,Product/Service,territoriotec,0.000474
243632385677295,Education,eitimty,0.000691
184173005091726,School Sports Team,,0.000315
236856329721874,Education,PrepaTecMonterrey,0.001139
475086695836443,Performance Venue,EnVivoDesdeElMetDeNuevaYorkAuditorioLuisElizondo,0.000852
455822871116111,Education,BibliotecaITESMCCM,0.000482
1457182657834538,Community Organization,PatrimonioNuevoLeon,0.000961
257820684262047,Education,,0.000260
128999837130141,University,,0.000254
189164857768163,Government Organization,CSA.FEITESM,0.001098
143997622303600,Public Figure,fernandogarciaroel,0.000332
125093354214792,Software,TecMtyAlerta,0.000571
187799604588563,Community,,0.000260
220090704722283,Athlete,borregosalvaje,0.001155
402855271254,Organization,,0.000197
186127108073632,Local Business,sae.hgo,0.000282
121675456877,Education Website,aerosygea,0.001052
185297444827402,Local Business,,0.000271
153393428030628,Non-Profit Organization,,0.000253
229403930403415,Education,cie.hgo,0.000569
100127766743928,Education,,0.000238
116128438462886,University,jovenesemprendedorescsf,0.000292
99637407410,Non-Profit Organization,amipci,0.000385
174773729251011,Education,papastec,0.000227
133711430042308,Education,,0.000227
118487074917801,Organization,PremioEstudianteEmprendedorMx,0.000615
221722941208481,Education,100mejoresuniversitariosdeldf,0.000211
184846378200248,University,,0.000211
197641420303651,Radio Station,RadioTec.ITESM,0.000211
123839010988400,University,,0.000233
95793561794,Non-Profit Organization,,0.000211
105576596192425,Local Business,,0.000211
106399362728887,School,,0.000246
132702043423272,University,,0.000215
108486229199084,University,,0.000211
227574363967060,Local Business,,0.000211
105504049483087,Interest,,0.000211
193077077382215,Local Business,,0.000263
125812010789588,University,,0.000229
106986779348912,University,,0.000211
125696091498,Education,ProgramasInternacionales,0.000569
203354723030667,Education,PrepaTecSantaFe,0.000654
113593505339418,Education,familiatec,0.000292
201926096506214,Non-Profit Organization,G20youngentrepreneursummit,0.000197
173626169395004,Education,,0.000213
297984280216179,Community,,0.000213
302200872323,School,,0.000261
162633327121653,Organization,AbogadosEXATEC,0.000213
164510704570,University,exatecchihuahua,0.000320
401892443162647,Education,I2dTecdeMty,0.000289
254469721279813,Organization,,0.000202
167360828952,News/Media Website,nuevaprensa,0.001415
203999956301716,Education,TecCampusSIN,0.000914
289342311107643,Education,,0.000232
198405580252660,App Page,RSS.Graffiti,0.000340
228624677163982,Local Business,cita.chi.itesm.mx,0.000280
200726026647297,TV Show,tecnews.itesmchih,0.000241
113005665400371,Industrials,CIMA.tol,0.000254
116428048367423,University,,0.000197
111699072182925,School,,0.000197
101681289884296,University,,0.000197
108120125888151,School,,0.000197
104071846387866,TV Show,Infotec.btv,0.000197
225867107444247,Education,DAECCM,0.000936
287721521243692,Education,temoainfo,0.000205
125040634304653,University,IdiomasITESMPuebla,0.000398
134647413266946,University,Itesm.Tecnologia.Educativa,0.000257
284675621550500,Community,OregonFRC,0.000243
108887129170883,Education,buluk3472,0.000327
258226744254030,Community,ForoCandidatos,0.000354
156723591088579,Local Business,,0.000197
114770718535802,Organization,,0.000265
270100112766,Education,IMDTecMty,0.000370
195846430443118,Education,NutricionyBienestarIntegralITESM,0.000411
107067616058641,Teacher,,0.000240
244854875637429,Local Business,,0.000197
284264064980768,University,,0.000559
217355838296797,Education,AgrobiotecnologiaTEC,0.000292
169987599723738,Education,BionegociosTec,0.000333
115169721851741,Community,ConcentracionesITESM,0.000210
134788739899273,Education,ENCSH,0.000454
116718868416646,Biotechnology,saibt.campusmty,0.000370
220930504606722,Education,MII.mty,0.000322
198899023476477,Education,PItecmilenio,0.000226
156993291020256,Education,GruposMty,0.000983
176684735737482,Education,bibliocampusMTY,0.001207
138315759516785,Government Organization,feitesm.mty,0.002046
119221751453628,Community,campussostenible,0.000372
154070564639988,Non-Profit Organization,caremty,0.000827
178128582197141,Community,AgronegociosTec,0.000215
228298730528930,Chemicals,saiqtecdemty,0.000430
115536151869534,News/Media Website,ReportecMty,0.000679
214363211907911,Magazine,RevistaTransferencia,0.000513
455753797769180,Local Business,,0.000197
213690588697417,Performance Venue,rockforestation,0.000259
193036497390707,Education,dba.mty,0.000505
33851262136,School,PrepaTec,0.001712
356479139428,Education,studyinmexico,0.000913
1781133445452041,School,IMATecCampusGDL,0.000231
924214637636430,Education,tecnologicodemonterreyChiapas,0.000334
961765523901217,Education,FestivalDeLaCulturaYLasArtesTec,0.000231
458456357677041,Community Organization,PROtrash.co,0.000231
160968200582928,School Sports Team,BorregosGDL,0.000428
119674301521593,Camera/Photo,TochitoEnImagen,0.000231
229696957077165,Education,PrepaTecCOL,0.000298
567206813361123,Community,manzanitoge,0.000312
24961338115,Consulting/Business Service,TheBostonConsultingGroup,0.000342
380994871968780,Community,CumbreEmpresarial2012,0.000231
349031161842570,Community,congresoled,0.000231
153043694834703,Community,SimposioMedCareItesmGda,0.000266
117098835054439,Education,,0.000241
123139571057628,Attractions/Things to Do,,0.000231
222679337849429,Education,Talent.org,0.000198
224007044328679,Computers/Technology,ibmmex,0.000260
204608405450,Company,WorkItDaily,0.000282
376316674646,Government Organization,fulbright,0.000442
108513689179609,University,,0.000212
182309465166631,Company,talentohersheylatam,0.000198
187914784611009,Consulting/Business Service,DeloitteBackSTAGE,0.000439
